env_id,timestep,joints_pos,reward,collision,avg_setupTime,avg_actionTime,avg_obsTime,target_dist_euclid,target_dist_angular,DistReset_1_reset,DistReset_1_success,TimeReset_1_reset,TimeReset_1_success
0,1.0,[-0.44801173  0.22348651  0.81888473],-24.672560072811574,0.0,0.13434219999999897,0.00016450000000034493,0.00035379999999918255,1.00087283993867,1.5227657794739162,False,False,False,True
0,2.0,[0.32813111 0.05215777 0.52713317],-7.959893635621251,0.0,0.13434219999999897,0.00010900000000191312,0.000332000000000221,0.34773436215358444,1.6645584854810669,False,False,False,True
0,3.0,[ 0.2830652  -0.01034383  0.6706624 ],-12.966453342529356,0.0,0.13434219999999897,0.00011780000000172208,0.0003142000000018186,0.3289616644451188,2.3240199879776524,False,False,False,True
0,4.0,[0.33155569 0.06459171 0.6697858 ],-16.738100141824184,0.0,0.13434219999999897,0.00011600000000200339,0.00033660000000068635,0.2575340959861533,2.775934430954384,False,False,False,True
0,5.0,[0.32876301 0.05507379 0.66978276],-13.106116228631269,0.0,0.13434219999999897,0.00011820000000284381,0.0003548000000002105,0.2632283978941136,2.4207780195087314,False,False,False,True
0,6.0,[0.31542647 0.15672237 0.66992408],-6.306321354795806,0.0,0.13434219999999897,0.00012359999999844717,0.00034819999999768925,0.2570950983199396,1.5786645563882495,False,False,False,True
0,7.0,[ 0.24046001 -0.03515889  0.67093843],-12.496687202409134,0.0,0.13434219999999897,0.00013129999999961228,0.0003318999999990524,0.3758979381987527,2.1989431556508765,False,False,False,True
0,8.0,[ 0.24352363 -0.03386138  0.67092013],-21.818269170410222,0.0,0.13434219999999897,0.00013659999999759975,0.0003260000000011587,0.3727435834398073,3.0854103123003958,False,False,False,True
0,9.0,[ 0.24478628 -0.03333405  0.67078769],-12.661391956415097,0.0,0.13434219999999897,0.00011740000000060036,0.0003583999999996479,0.37148361423252074,2.2250157801181962,False,False,False,True
0,10.0,[ 0.24190731 -0.03415921  0.6708535 ],-12.958307554440767,0.0,0.13434219999999897,0.00013290000000054647,0.00036670000000071923,0.374237147823234,2.2508041560988135,False,False,False,True
0,11.0,[ 0.24189527 -0.0341629   0.67086691],-12.956633510803103,0.0,0.13434219999999897,0.00019110000000210903,0.00034409999999951424,0.37424508251884975,2.2506050158804287,False,False,False,True
0,12.0,[ 0.24189419 -0.03416328  0.67086703],-12.956552280127527,0.0,0.13434219999999897,0.00011680000000069413,0.00033309999999886486,0.37424613080551294,2.2505942494894082,False,False,False,True
0,13.0,[ 0.24189505 -0.03416308  0.67086673],-12.956644881983012,0.0,0.13434219999999897,0.0001259999999980721,0.00032420000000144,0.3742454051904926,2.2506057424456967,False,False,False,True
0,14.0,[ 0.24095836 -0.03455859  0.67059851],-13.13698509329907,0.0,0.13434219999999897,0.00012650000000036243,0.00032350000000036516,0.37528658614153343,2.2688306083248855,False,False,False,True
0,15.0,[ 0.24398132 -0.03533319  0.67080909],-12.430609886610188,0.0,0.13434219999999897,0.00012650000000036243,0.0003376999999993302,0.3731334795233513,2.1932895403692285,False,False,False,True
0,16.0,[ 0.24027398 -0.03480534  0.67051697],-13.765872676357748,0.0,0.13434219999999897,0.00017430000000118184,0.0003428999999997018,0.3759941977672098,2.3359623221774783,False,False,False,True
0,17.0,[ 0.23999256 -0.03488013  0.67052978],-13.264444593450756,0.0,0.13434219999999897,0.00023750000000077875,0.0003488000000011482,0.3762589579744416,2.2812308655998086,False,False,False,True
0,18.0,[ 0.23568609 -0.03627414  0.67078304],-13.503539068192639,0.0,0.13434219999999897,0.00013009999999979982,0.00034800000000245745,0.3804223279608217,2.300447360402974,False,False,False,True
0,19.0,[ 0.23552378 -0.03642517  0.67070234],-13.42089141428623,0.0,0.13434219999999897,0.0001297999999998467,0.00034270000000091727,0.3806530397287807,2.2916104251367657,False,False,False,True
0,20.0,[ 0.233417   -0.03766709  0.67112863],-13.544944656493357,0.0,0.13434219999999897,0.00014350000000007412,0.00033699999999825536,0.3828854211539843,2.3014038913072254,False,False,False,True
0,21.0,[ 0.23339346 -0.03766468  0.67113751],-13.534683261635196,0.0,0.13434219999999897,0.0001260000000016248,0.00032879999999835263,0.3829012180773414,2.3002626377799733,False,False,False,True
0,22.0,[ 0.23339185 -0.03766513  0.67113715],-13.529851477401161,0.0,0.13434219999999897,0.0001335999999980686,0.0003284999999983995,0.3829028649701606,2.3002781785421105,False,False,False,True
0,23.0,[ 0.23339175 -0.03766555  0.6711368 ],-13.524929608510531,0.0,0.13434219999999897,0.000158400000000114,0.0003333000000012021,0.38290325894814264,2.300286014200013,False,False,False,True
0,24.0,[ 0.23339202 -0.03766543  0.67113703],-13.519870785229665,0.0,0.13434219999999897,0.0001296000000010622,0.00036709999999828824,0.38290290955123535,2.300280202755051,False,False,False,True
0,25.0,[ 0.23339236 -0.03766502  0.67113709],-13.519893747046114,0.0,0.13434219999999897,0.00013240000000180885,0.0003337000000023238,0.3829024081599552,2.3002835329098295,False,False,False,True
0,26.0,[ 0.23339216 -0.03766541  0.67113703],-13.519906640235893,0.0,0.13434219999999897,0.0001220000000010657,0.00033050000000045543,0.38290277923981064,2.3002843164752993,False,False,False,True
0,27.0,[ 0.23339225 -0.03766507  0.67113698],-13.524932010109831,0.0,0.13434219999999897,0.00019780000000224618,0.0003357999999984429,0.3829025527523007,2.3002874507358055,False,False,False,True
0,28.0,[ 0.23339182 -0.03766549  0.67113692],-13.529915698104219,0.0,0.13434219999999897,0.00012539999999816587,0.0003168999999978439,0.382903135271389,2.300284708257983,False,False,False,True
0,29.0,[ 0.23339179 -0.03766556  0.67113686],-13.534883187369807,0.0,0.13434219999999897,0.00012150000000232808,0.0003334000000023707,0.3829032093428904,2.3002810516182692,False,False,False,True
0,30.0,[ 0.23339216 -0.03766506  0.67113715],-13.534887269904294,0.0,0.13434219999999897,0.00013079999999732195,0.00034970000000100754,0.38290257367022446,2.3002825534527993,False,False,False,True
0,31.0,[ 0.233392   -0.03766508  0.67113715],-13.539844994360998,0.0,0.13434219999999897,0.00013789999999858082,0.0003378000000004988,0.3829027162776122,2.300277721461642,False,False,False,True
0,32.0,[ 0.23339237 -0.03766503  0.67113709],-13.544819171248259,0.0,0.13434219999999897,0.00013090000000204327,0.0003013000000002819,0.3829024032164786,2.3002754360586,False,False,False,True
0,33.0,[ 0.23339204 -0.03766502  0.67113662],-13.544859512802457,0.0,0.13434219999999897,0.00012680000000031555,0.00035360000000039804,0.38290280120045933,2.300279158000099,False,False,False,True
0,34.0,[ 0.23339185 -0.03766549  0.67113692],-13.549863051207254,0.0,0.13434219999999897,0.00012870000000120285,0.00032309999999924344,0.38290311067958877,2.300279027405713,False,False,False,True
0,35.0,[ 0.23339221 -0.03766508  0.67113692],-13.544822991035579,0.0,0.13434219999999897,0.00013420000000152754,0.00033430000000223004,0.38290261338621095,2.300275501355846,False,False,False,True
0,36.0,[ 0.23339181 -0.03766551  0.67113692],-13.544931019237712,0.0,0.13434219999999897,0.00010990000000177247,0.00034469999999942047,0.3829031549197195,2.300286340685461,False,False,False,True
0,37.0,[ 0.23339207 -0.03766505  0.67113715],-13.544881133861756,0.0,0.13434219999999897,0.00011879999999919733,0.0003200999999997123,0.3829026437694463,2.3002817698870204,False,False,False,True
0,38.0,[ 0.23339225 -0.03766507  0.67113692],-13.549845744913512,0.0,0.13434219999999897,0.00012509999999821275,0.00036309999999772913,0.3829025691460812,2.3002780479476956,False,False,False,True
0,39.0,[ 0.23339194 -0.03766509  0.67113698],-13.544849016766612,0.0,0.13434219999999897,0.00012249999999980332,0.00036719999999945685,0.3829028219949174,2.3002779826504867,False,False,False,True
0,40.0,[ 0.233392   -0.0376652   0.67113733],-13.54488425075206,0.0,0.13434219999999897,0.0001390000000007774,0.00034250000000213277,0.38290272959203764,2.300281965778478,False,False,False,True
0,41.0,[ 0.2333921  -0.03766506  0.67113721],-13.544866143052472,0.0,0.13434219999999897,0.00012349999999727856,0.00035580000000123846,0.38290260646010477,2.300280202755051,False,False,False,True
0,42.0,[ 0.23339182 -0.03766506  0.67113727],-13.539812994306802,0.0,0.13434219999999897,0.00011989999999784118,0.00031560000000041555,0.3829028236886343,2.3002740648162137,False,False,False,True
0,43.0,[ 0.23339227 -0.03766502  0.67113703],-13.544934781408143,0.0,0.13434219999999897,0.00011589999999728207,0.000400599999998974,0.38290249832914,2.3002878425182143,False,False,False,True
0,44.0,[ 0.23339173 -0.03766554  0.67113686],-13.544841715263846,0.0,0.13434219999999897,0.00013429999999914344,0.00044519999999792503,0.382903247497843,2.3002764808144214,False,False,False,True
0,45.0,[ 0.23339221 -0.03766497  0.67113727],-13.544857289145314,0.0,0.13434219999999897,0.00012540000000171858,0.0004325999999998942,0.3829024598804844,2.300279484486048,False,False,False,True
0,46.0,[ 0.23339167 -0.03766556  0.67113692],-13.544933709113787,0.0,0.13434219999999897,0.00020459999999999923,0.0003302000000005023,0.3829032913163307,2.3002864059825474,False,False,False,True
0,47.0,[ 0.23339167 -0.03766554  0.67113692],-13.549993020230133,0.0,0.13434219999999897,0.0001218000000022812,0.0003679999999981476,0.3829032802876865,2.300292870389412,False,False,False,True
0,48.0,[ 0.23339233 -0.03766537  0.67113692],-13.549978688722376,0.0,0.13434219999999897,0.00012879999999881875,0.0003504000000020824,0.3829026583913947,2.300292348013447,False,False,False,True
0,49.0,[ 0.233392   -0.03766546  0.67113703],-13.544877863961732,0.0,0.13434219999999897,0.00014420000000114896,0.0003675000000029627,0.382902940228216,2.3002809210239383,False,False,False,True
0,50.0,[ 0.23339182 -0.03766549  0.67113692],-13.549904282757815,0.0,0.13434219999999897,0.0001238000000007844,0.0003302000000005023,0.382903135271389,2.300283467612701,False,False,False,True
0,51.0,[ 0.2333917  -0.03766555  0.67113692],-13.5448959697717,0.0,0.13434219999999897,0.00012489999999942825,0.0003525999999993701,0.3829032593720989,2.3002823575613673,False,False,False,True
0,52.0,[ 0.23339234 -0.03766505  0.67113692],-13.539890107397506,0.0,0.13434219999999897,0.00012049999999774741,0.00033060000000162404,0.38290248434203616,2.3002830105327736,False,False,False,True
0,53.0,[ 0.23339215 -0.03766543  0.67113692],-13.540008379165666,0.0,0.13434219999999897,0.00011980000000022528,0.0003355999999996584,0.3829028316756728,2.300295286377457,False,False,False,True
0,54.0,[ 0.23339206 -0.03766546  0.67113692],-13.539960468018938,0.0,0.13434219999999897,0.0001257000000016717,0.00030849999999915667,0.38290292015592464,2.3002899320238144,False,False,False,True
0,55.0,[ 0.2333923  -0.03766504  0.67113703],-13.534911742968369,0.0,0.13434219999999897,0.00012660000000153104,0.0003297999999993806,0.38290248476597066,2.3002853612290455,False,False,False,True
0,56.0,[ 0.23339245 -0.03766496  0.67113703],-13.534888869201213,0.0,0.13434219999999897,0.00012089999999886913,0.0003337999999999397,0.3829023250448225,2.3002831411270432,False,False,False,True
0,57.0,[ 0.23339213 -0.03766542  0.67113686],-13.534923447462308,0.0,0.13434219999999897,0.00012880000000237146,0.0003466000000003078,0.38290285668913104,2.300286014200013,False,False,False,True
0,58.0,[ 0.23339218 -0.03766505  0.67113715],-13.534924876163327,0.0,0.13434219999999897,0.00013030000000213704,0.0003302999999981182,0.38290255769810744,2.300286667170885,False,False,False,True
0,59.0,[ 0.23339236 -0.03766502  0.67113698],-13.539890043570088,0.0,0.13434219999999897,0.00012139999999760676,0.00032110000000074024,0.3829024409475,2.300283075829909,False,False,False,True
0,60.0,[ 0.23339215 -0.03766538  0.67113692],-13.539978601696395,0.0,0.13434219999999897,0.00011980000000022528,0.00033879999999797406,0.38290280961837453,2.3002920868254417,False,False,False,True
0,61.0,[ 0.23339242 -0.03766503  0.67113709],-13.539911130588502,0.0,0.13434219999999897,0.00012320000000087816,0.00036510000000333775,0.38290236632877245,2.3002854918232467,False,False,False,True
0,62.0,[ 0.23339234 -0.03766537  0.67113692],-13.5399304357234,0.0,0.13434219999999897,0.00012159999999994398,0.00036759999999702586,0.3829026460954989,2.3002871242504384,False,False,False,True
0,63.0,[ 0.23339215 -0.03766508  0.67113721],-13.544868694723021,0.0,0.13434219999999897,0.00012679999999676284,0.000338600000006295,0.38290257692481133,2.300280529240923,False,False,False,True
0,64.0,[ 0.23339207 -0.03766544  0.67113686],-13.544909950291487,0.0,0.13434219999999897,0.00012510000000531818,0.00034750000000371983,0.38290291690136874,2.300284447069531,False,False,False,True
0,65.0,[ 0.23339224 -0.0376654   0.67113692],-13.549922366293274,0.0,0.13434219999999897,0.00010590000000121336,0.0003280999999972778,0.3829027468716408,2.3002860794971043,False,False,False,True
0,66.0,[ 0.23339179 -0.0376655   0.67113692],-13.549902312483866,0.0,0.13434219999999897,0.0001243999999971379,0.00034399999999834563,0.3829031635394048,2.3002832064241767,False,False,False,True
0,67.0,[ 0.23339188 -0.03766555  0.67113703],-13.549960498177745,0.0,0.13434219999999897,0.00012310000000326227,0.0003124999999997158,0.3829030790337951,2.3002896708356677,False,False,False,True
0,68.0,[ 0.23339179 -0.03766548  0.67113692],-13.554936389614042,0.0,0.13434219999999897,0.0001239999999995689,0.0003281999999984464,0.3829031525107604,2.300286928359207,False,False,False,True
0,69.0,[ 0.23339257 -0.03766492  0.67113709],-13.554899390641413,0.0,0.13434219999999897,0.00012020000000489972,0.0003224000000017213,0.3829021882265562,2.3002845123666456,False,False,False,True
0,70.0,[ 0.23339191 -0.0376655   0.67113692],-13.554915826072031,0.0,0.13434219999999897,0.00011010000000055697,0.00031580000000275277,0.38290306517220646,2.3002848388522033,False,False,False,True
0,71.0,[ 0.23339184 -0.0376655   0.67113692],-13.554857888574928,0.0,0.13434219999999897,0.00011909999999915044,0.0003352000000020894,0.38290312665170406,2.3002784397309286,False,False,False,True
0,72.0,[ 0.233392   -0.03766546  0.67113692],-13.549910809745713,0.0,0.13434219999999897,0.00012329999999849406,0.0003339999999951715,0.3829029730157338,2.300284447069531,False,False,False,True
0,73.0,[ 0.23339191 -0.03766549  0.67113686],-13.549933387979953,0.0,0.13434219999999897,0.00012300000000209366,0.0003420999999974583,0.38290307421354297,2.300286732467967,False,False,False,True
0,74.0,[ 0.23339221 -0.03766505  0.67113715],-13.549890854275834,0.0,0.13434219999999897,0.0001277000000001749,0.00034600000000040154,0.38290253310629796,2.3002830105327736,False,False,False,True
0,75.0,[ 0.23339203 -0.03766508  0.67113715],-13.549881924058976,0.0,0.13434219999999897,0.00014069999999577476,0.00035400000000151977,0.38290269536201027,2.3002817698870204,False,False,False,True
0,76.0,[ 0.23339209 -0.03766543  0.67113692],-13.549971337814043,0.0,0.13434219999999897,0.00012630000000513064,0.00033050000000400814,0.38290288453547966,2.3002911726673023,False,False,False,True
0,77.0,[ 0.23339206 -0.03766509  0.67113692],-13.544854370128627,0.0,0.13434219999999897,0.00012980000000339942,0.0003336999999987711,0.3829027400214508,2.300278700919731,False,False,False,True
0,78.0,[ 0.23339173 -0.03766525  0.67113727],-13.544844971417255,0.0,0.13434219999999897,0.00012140000000471218,0.00035369999999801394,0.38290298936935796,2.300277264381127,False,False,False,True
0,79.0,[ 0.23339194 -0.03766511  0.67113715],-13.54486405339978,0.0,0.13434219999999897,0.00012749999999783768,0.00034409999999951424,0.38290278384229476,2.3002796803776056,False,False,False,True
0,80.0,[ 0.23339221 -0.03766505  0.67113715],-13.54983257598061,0.0,0.13434219999999897,0.0001259000000004562,0.0003341999999975087,0.38290253310629796,2.3002766767061105,False,False,False,True
0,81.0,[ 0.23339216 -0.03766504  0.67113703],-13.549992744606689,0.0,0.13434219999999897,0.00012189999999634438,0.00035549999999773263,0.38290259542910166,2.3002939804381355,False,False,False,True
0,82.0,[ 0.23339191 -0.03766549  0.67113703],-13.54483235619151,0.0,0.13434219999999897,0.00012120000000237496,0.00033249999999895863,0.3829030287084804,2.3002758278420616,False,False,False,True
0,83.0,[ 0.23339239 -0.03766501  0.67113715],-13.544882248465955,0.0,0.13434219999999897,0.00019149999999967804,0.0003339000000011083,0.38290236349817636,2.3002823575613673,False,False,False,True
0,84.0,[ 0.23339218 -0.03766541  0.67113698],-13.544952965219325,0.0,0.13434219999999897,0.00012040000000013151,0.0003260999999952219,0.38290278333767436,2.300289344350463,False,False,False,True
0,85.0,[ 0.23339196 -0.03766511  0.67113656],-13.544903626023643,0.0,0.13434219999999897,0.00013039999999620022,0.00032689999999746533,0.38290293548420645,2.30028372880121,False,False,False,True
0,86.0,[ 0.23339176 -0.03766551  0.67113692],-13.544899741402533,0.0,0.13434219999999897,0.0001318999999995185,0.0003305999999980713,0.38290319180742105,2.3002828799385,False,False,False,True
0,87.0,[ 0.23339206 -0.03766505  0.67113715],-13.539888475571457,0.0,0.13434219999999897,0.00011310000000008813,0.00033230000000372684,0.3829026523891415,2.3002825534527993,False,False,False,True
0,88.0,[ 0.23339197 -0.03766543  0.67113698],-13.539884875360725,0.0,0.13434219999999897,0.00012089999999886913,0.0003322000000025582,0.382902966508906,2.3002816392927103,False,False,False,True
0,89.0,[ 0.23339231 -0.03766504  0.67113692],-13.539909653589207,0.0,0.13434219999999897,0.00013129999999961228,0.00030489999999616657,0.382902505257626,2.300285100040632,False,False,False,True
0,90.0,[ 0.23339203 -0.03766546  0.67113668],-13.544946885123261,0.0,0.13434219999999897,0.0001202999999989629,0.0003677999999993631,0.3829030139990797,2.3002882995976477,False,False,False,True
0,91.0,[ 0.23339203 -0.03766511  0.67113715],-13.544835230021823,0.0,0.13434219999999897,0.00012130000000354357,0.00032660000000106493,0.38290270639064483,2.3002766767061105,False,False,False,True
0,92.0,[ 0.2333923  -0.03766506  0.67113715],-13.544838712015876,0.0,0.13434219999999897,0.00013229999999708753,0.0003376000000017143,0.3829024630070872,2.300277460272782,False,False,False,True
0,93.0,[ 0.23339164 -0.03766555  0.67113692],-13.539942384467109,0.0,0.13434219999999897,0.0001219000000034498,0.00035829999999492657,0.3829033085557041,2.3002873201416616,False,False,False,True
0,94.0,[ 0.23339185 -0.03766548  0.67113692],-13.544938039544165,0.0,0.13434219999999897,0.00010989999999821976,0.00033719999999703987,0.3829031033271583,2.3002871895475137,False,False,False,True
0,95.0,[ 0.23339221 -0.03766543  0.67113656],-13.549883018971812,0.0,0.13434219999999897,0.00011019999999462016,0.0003373999999993771,0.38290288453110954,2.300281573995554,False,False,False,True
0,96.0,[ 0.23339216 -0.03766542  0.67113692],-13.544917412451422,0.0,0.13434219999999897,0.00011179999999910706,0.00034079999999647725,0.38290281570355883,2.3002854265261465,False,False,False,True
0,97.0,[ 0.23339155 -0.03766561  0.67113692],-13.539974606089025,0.0,0.13434219999999897,0.0001467000000019425,0.00033249999999895863,0.38290341174083087,2.3002906502911387,False,False,False,True
0,98.0,[ 0.23339228 -0.03766505  0.67113656],-13.539903838884987,0.0,0.13434219999999897,0.0001219000000034498,0.0003052999999937356,0.3829026355647245,2.3002842511781822,False,False,False,True
0,99.0,[ 0.23339193 -0.03766507  0.67113692],-13.539895549423429,0.0,0.13434219999999897,0.0001167999999935887,0.00032709999999980255,0.38290283965596206,2.3002830105327736,False,False,False,True
0,100.0,[ 0.23339196 -0.03766546  0.67113692],-13.539930600574353,0.0,0.13434219999999897,0.00012819999999891252,0.0003474000000025512,0.3829030099034302,2.300286536576718,False,False,False,True
0,101.0,[ 0.23339221 -0.03766505  0.67113703],-13.539857054129552,0.0,0.13434219999999897,0.00012639999999919382,0.0003226999999981217,0.38290256221760155,2.3002792885944814,False,False,False,True
0,102.0,[ 0.23339191 -0.03766549  0.67113692],-13.53996143118342,0.0,0.13434219999999897,0.00011539999999854444,0.0003146999999970035,0.3829030614959906,2.300289801429743,False,False,False,True
0,103.0,[ 0.23339242 -0.03766494  0.67113709],-13.539839559653254,0.0,0.13434219999999897,0.00011950000000382488,0.00034409999999951424,0.38290232221421844,2.300277786758855,False,False,False,True
0,104.0,[ 0.23339196 -0.03766546  0.67113692],-13.544880132730228,0.0,0.13434219999999897,0.00011119999999920083,0.0003454000000004953,0.3829030099034302,2.3002810516182692,False,False,False,True
0,105.0,[ 0.23339176 -0.03766548  0.67113692],-13.544958395360922,0.0,0.13434219999999897,0.00011349999999765714,0.00032450000000494583,0.38290317710256255,2.300289279053419,False,False,False,True
0,106.0,[ 0.23339209 -0.03766508  0.67113709],-13.549903651725625,0.0,0.13434219999999897,0.00011980000000022528,0.00035039999999497695,0.38290266257213523,2.300284185881064,False,False,False,True
0,107.0,[ 0.23339167 -0.0376652   0.67113733],-13.549809031099233,0.0,0.13434219999999897,0.00012540000000171858,0.0003640000000046939,0.3829029964258114,2.3002733465462244,False,False,False,True
0,108.0,[ 0.23339199 -0.03766547  0.67113692],-13.549929679420782,0.0,0.13434219999999897,0.00012440000000424334,0.0003257999999988215,0.3829029889878484,2.3002864712796334,False,False,False,True
0,109.0,[ 0.23339173 -0.03766557  0.67113692],-13.549957044443293,0.0,0.13434219999999897,0.00012149999999877537,0.0003207999999972344,0.38290324580894336,2.3002890178652344,False,False,False,True
0,110.0,[ 0.23339213 -0.03766543  0.67113686],-13.55492235845713,0.0,0.13434219999999897,0.00010960000000181935,0.00036759999999702586,0.38290286404156393,2.3002858836058273,False,False,False,True
0,111.0,[ 0.23339213 -0.03766507  0.67113709],-13.554910784640029,0.0,0.13434219999999897,0.00014019999999703714,0.0003296000000005961,0.3829026183319972,2.300285034743526,False,False,False,True
0,112.0,[ 0.23339184 -0.03766553  0.6711368 ],-13.549953543582154,0.0,0.13434219999999897,0.0001221999999998502,0.0003219000000029837,0.38290317414410385,2.3002887566770345,False,False,False,True
0,113.0,[ 0.23339196 -0.03766546  0.67113692],-13.549948568513194,0.0,0.13434219999999897,0.00012519999999938136,0.0002943999999942548,0.3829030062272145,2.300288495488819,False,False,False,True
0,114.0,[ 0.233392   -0.03766511  0.67113727],-13.549931289990075,0.0,0.13434219999999897,0.00012170000000111258,0.00035389999999324573,0.3829027018712046,2.3002871242504384,False,False,False,True
0,115.0,[ 0.23339212 -0.03766507  0.67113674],-13.5448908504224,0.0,0.13434219999999897,0.00012109999999410093,0.0003239999999991028,0.38290272899058203,2.3002826840470822,False,False,False,True
0,116.0,[ 0.23339178 -0.03766552  0.67113644],-13.544874638071919,0.0,0.13434219999999897,0.00011489999999980682,0.0003340000000022769,0.38290331801429134,2.3002799415663358,False,False,False,True
0,117.0,[ 0.23339163 -0.03766554  0.67113698],-13.539877378170404,0.0,0.13434219999999897,0.00012790000000251212,0.00032170000000064647,0.38290330078164314,2.3002802680522274,False,False,False,True
0,118.0,[ 0.2333921  -0.03766505  0.67113674],-13.539847067209855,0.0,0.13434219999999897,0.0001278000000013435,0.000339400000001433,0.3829027339340628,2.3002779173532772,False,False,False,True
0,119.0,[ 0.23339184 -0.03766552  0.67113692],-13.534900658502782,0.0,0.13434219999999897,0.00012329999999849406,0.00033899999999675856,0.3829031340041349,2.300283075829909,False,False,False,True
0,120.0,[ 0.23339188 -0.03766549  0.67113686],-13.539905526662192,0.0,0.13434219999999897,0.00011889999999681322,0.0003159000000039214,0.38290309880534085,2.300283663504084,False,False,False,True
0,121.0,[ 0.23339219 -0.03766505  0.67113703],-13.539852435998368,0.0,0.13434219999999897,0.00011849999999924421,0.0003148999999993407,0.38290257451350523,2.3002787662169295,False,False,False,True
0,122.0,[ 0.23339209 -0.03766509  0.67113692],-13.534850388635842,0.0,0.13434219999999897,0.00012430000000307473,0.00033099999999564034,0.3829027154296438,2.3002783091365213,False,False,False,True
0,123.0,[ 0.23339206 -0.03766508  0.67113715],-13.539935620108709,0.0,0.13434219999999897,0.00011380000000116297,0.0003339000000011083,0.3829026707701981,2.300287646627014,False,False,False,True
0,124.0,[ 0.23339206 -0.03766507  0.67113715],-13.53984298314027,0.0,0.13434219999999897,0.00012530000000054997,0.00031789999999887186,0.3829026634177751,2.300277590867214,False,False,False,True
0,125.0,[ 0.23339221 -0.03766502  0.67113715],-13.539933230107911,0.0,0.13434219999999897,0.00011709999999709453,0.0003305999999980713,0.38290251472523773,2.300287646627014,False,False,False,True
0,126.0,[ 0.2333917  -0.03766552  0.67113692],-13.534918030738199,0.0,0.13434219999999897,0.0001103000000028942,0.00031399999999592865,0.3829032483434546,2.3002847735550933,False,False,False,True
0,127.0,[ 0.23339224 -0.03766509  0.67113715],-13.539961654502202,0.0,0.13434219999999897,0.00011629999999485108,0.00031330000000195923,0.38290252689555343,2.3002907155881624,False,False,False,True
0,128.0,[ 0.23339176 -0.03766551  0.67113692],-13.539938793910917,0.0,0.13434219999999897,0.00011800000000050659,0.0003284000000007836,0.38290319180742105,2.3002871242504384,False,False,False,True
0,129.0,[ 0.23339216 -0.03766538  0.67113692],-13.540026478095113,0.0,0.13434219999999897,0.00012650000000036243,0.00040740000000027976,0.3829027973224766,2.3002973105826516,False,False,False,True
0,130.0,[ 0.23339197 -0.03766513  0.67113727],-13.544882513015924,0.0,0.13434219999999897,0.00011899999999798183,0.00032920000000302707,0.38290273381544293,2.3002817698870204,False,False,False,True
0,131.0,[ 0.23339224 -0.03766503  0.67113721],-13.539900271351113,0.0,0.13434219999999897,0.0001202999999989629,0.000327500000004477,0.3829024810921057,2.300284120583945,False,False,False,True
0,132.0,[ 0.23339194 -0.03766547  0.67113692],-13.534983716342651,0.0,0.13434219999999897,0.00012110000000120635,0.0003307999999933031,0.38290302587554503,2.300292282716447,False,False,False,True
0,133.0,[ 0.23339212 -0.03766501  0.67113709],-13.539937558884043,0.0,0.13434219999999897,0.0001241000000007375,0.000313099999999622,0.38290260121821207,2.3002879731123427,False,False,False,True
0,134.0,[ 0.23339233 -0.03766501  0.67113709],-13.544785922151185,0.0,0.13434219999999897,0.00012089999999886913,0.0003379999999992833,0.38290242907554856,2.300271779411302,False,False,False,True
0,135.0,[ 0.23339203 -0.03766546  0.67113692],-13.539879191102985,0.0,0.13434219999999897,0.0001159000000043875,0.00035590000000240707,0.3829029484239371,2.3002810516182692,False,False,False,True
0,136.0,[ 0.2333923  -0.03766503  0.67113709],-13.539904826688561,0.0,0.13434219999999897,0.0002080000000006521,0.00030459999999976617,0.38290246469599254,2.300284642960871,False,False,False,True
0,137.0,[ 0.23339227 -0.03766503  0.67113698],-13.539906907131895,0.0,0.13434219999999897,0.00011779999999816937,0.0003112999999999033,0.38290252207533726,2.3002847735550933,False,False,False,True
0,138.0,[ 0.23339182 -0.03766554  0.67113692],-13.53991062866677,0.0,0.13434219999999897,0.00012130000000354357,0.00033090000000157715,0.3829031573286815,2.300284120583945,False,False,False,True
0,139.0,[ 0.23339224 -0.03766502  0.67113715],-13.539868567031924,0.0,0.13434219999999897,0.00011359999999882575,0.000339400000001433,0.3829024901334278,2.3002806598352654,False,False,False,True
0,140.0,[ 0.23339187 -0.03766549  0.67113692],-13.544964343088369,0.0,0.13434219999999897,0.00011599999999845068,0.0003303999999957341,0.3829030947074736,2.300290062617882,False,False,False,True
0,141.0,[ 0.23339221 -0.03766543  0.67113692],-13.544951149843108,0.0,0.13434219999999897,0.0001163000000019565,0.00033290000000363307,0.3829027824920852,2.3002891484593286,False,False,False,True
0,142.0,[ 0.23339242 -0.03766495  0.67113698],-13.544883977061907,0.0,0.13434219999999897,0.00012030000000606833,0.00032490000000251484,0.38290235867798245,2.3002825534527993,False,False,False,True
0,143.0,[ 0.23339182 -0.0376655   0.67113692],-13.544935581070973,0.0,0.13434219999999897,0.00012689999999793145,0.000320500000000834,0.38290313894760414,2.300286863062128,False,False,False,True
0,144.0,[ 0.23339194 -0.03766547  0.67113692],-13.544903808852856,0.0,0.13434219999999897,0.00011429999999990059,0.00034430000000185146,0.38290302587554503,2.300283598206957,False,False,False,True
0,145.0,[ 0.23339173 -0.03766552  0.67113686],-13.544965312711993,0.0,0.13434219999999897,0.00011950000000382488,0.00031770000000364007,0.38290323646919877,2.3002899320238144,False,False,False,True
0,146.0,[ 0.23339216 -0.03766538  0.67113703],-13.544912423092283,0.0,0.13434219999999897,0.00011320000000125674,0.00032110000000074024,0.3829027645349438,2.3002849694464196,False,False,False,True
0,147.0,[ 0.23339242 -0.03766498  0.67113715],-13.549881045787174,0.0,0.13434219999999897,0.00011900000000508726,0.0003244000000037772,0.38290232420151826,2.3002822922642214,False,False,False,True
0,148.0,[ 0.23339188 -0.03766547  0.67113692],-13.544979062366275,0.0,0.13434219999999897,0.00011700000000303135,0.0003679000000005317,0.3829030750591431,2.3002916950434047,False,False,False,True
0,149.0,[ 0.23339228 -0.03766508  0.67113692],-13.544835210851414,0.0,0.13434219999999897,0.00011849999999924421,0.0003115999999963037,0.3829025482304908,2.3002769378950165,False,False,False,True
0,150.0,[ 0.23339227 -0.03766541  0.6711368 ],-13.544957395001589,0.0,0.13434219999999897,0.00011359999999882575,0.00033260000000012724,0.3829027587436387,2.300289866726779,False,False,False,True
0,151.0,[ 0.2333924  -0.03766498  0.67113709],-13.549965598328791,0.0,0.13434219999999897,0.00013509999999428146,0.0003507999999996514,0.38290235289118335,2.300291433855361,False,False,False,True
0,152.0,[ 0.23339181 -0.03766557  0.67113698],-13.549901779010346,0.0,0.13434219999999897,0.00012339999999966267,0.0003378999999981147,0.3829031679356905,2.3002831411270432,False,False,False,True
0,153.0,[ 0.23339197 -0.03766511  0.67113674],-13.549912841855743,0.0,0.13434219999999897,0.00011980000000022528,0.00032889999999952124,0.38290287033065773,2.3002848388522033,False,False,False,True
0,154.0,[ 0.23339194 -0.03766547  0.67113692],-13.549918829046529,0.0,0.13434219999999897,0.0001181000000016752,0.0003203999999996654,0.38290302587554503,2.3002852306348407,False,False,False,True
0,155.0,[ 0.2333923  -0.03766506  0.67113709],-13.549838963104271,0.0,0.13434219999999897,0.00011709999999709453,0.00035220000000180107,0.38290247940084365,2.300277460272782,False,False,False,True
0,156.0,[ 0.2333916  -0.03766558  0.6711368 ],-13.54486382574305,0.0,0.13434219999999897,0.00012270000000569325,0.0003092000000037842,0.3829033966120004,2.300278635622532,False,False,False,True
0,157.0,[ 0.23339194 -0.03766547  0.67113692],-13.549907413698872,0.0,0.13434219999999897,0.0001130999999929827,0.00038450000000267437,0.38290302587554503,2.300283989989704,False,False,False,True
0,158.0,[ 0.23339207 -0.03766546  0.67113703],-13.549924930640067,0.0,0.13434219999999897,0.00011709999999709453,0.00035229999999586425,0.3829028750725035,2.300286144794195,False,False,False,True
0,159.0,[ 0.23339207 -0.03766511  0.67113733],-13.544826157599257,0.0,0.13434219999999897,0.00010969999999588254,0.0003146000000029403,0.382902623997949,2.3002758278420616,False,False,False,True
0,160.0,[ 0.23339203 -0.03766549  0.67113692],-13.539898642162946,0.0,0.13434219999999897,0.00012100000000003774,0.0004084999999989236,0.3829029631288032,2.3002831411270432,False,False,False,True
0,161.0,[ 0.23339207 -0.0376654   0.6711368 ],-13.539935153786681,0.0,0.13434219999999897,0.00011329999999531992,0.0003281999999984464,0.38290291491407347,2.3002871895475137,False,False,False,True
0,162.0,[ 0.23339209 -0.03766507  0.67113715],-13.53989127187404,0.0,0.13434219999999897,0.00011769999999700076,0.00030419999999509173,0.3829026388259632,2.3002828799385,False,False,False,True
0,163.0,[ 0.23339206 -0.03766544  0.67113703],-13.534957449997002,0.0,0.13434219999999897,0.0001277000000001749,0.0002917999999993981,0.38290288001596906,2.3002896708356677,False,False,False,True
0,164.0,[ 0.23339213 -0.03766543  0.67113692],-13.539907087172427,0.0,0.13434219999999897,0.00013020000000096843,0.0003237000000027024,0.3829028476477868,2.3002842511781822,False,False,False,True
0,165.0,[ 0.23339194 -0.03766547  0.67113692],-13.539933849245374,0.0,0.13434219999999897,0.00011609999999961929,0.0003680000000017003,0.38290302587554503,2.300286863062128,False,False,False,True
0,166.0,[ 0.23339194 -0.03766553  0.6711368 ],-13.539995483522452,0.0,0.13434219999999897,0.00014039999999937436,0.0003320999999942842,0.38290308807281925,2.3002934580623,False,False,False,True
0,167.0,[ 0.23339231 -0.03766508  0.67113686],-13.539877141786045,0.0,0.13434219999999897,0.00013059999999853744,0.00030459999999976617,0.38290254003247987,2.300281508698397,False,False,False,True
0,168.0,[ 0.233392   -0.03766545  0.67113698],-13.544928470282422,0.0,0.13434219999999897,0.00013849999999848706,0.00047359999999940783,0.38290294926953833,2.3002864059825474,False,False,False,True
0,169.0,[ 0.23339221 -0.03766503  0.67113715],-13.549931540293944,0.0,0.13434219999999897,0.00012230000000101882,0.000339400000001433,0.3829025220776615,2.3002874507358055,False,False,False,True
0,170.0,[ 0.23339234 -0.03766501  0.67113709],-13.549878858877832,0.0,0.13434219999999897,0.0001277000000001749,0.0003584999999972638,0.3829024167796454,2.3002819004813264,False,False,False,True
0,171.0,[ 0.23339233 -0.03766507  0.67113692],-13.54489707352223,0.0,0.13434219999999897,0.00012889999999998736,0.0003126999999949476,0.38290250766657524,2.30028372880121,False,False,False,True
0,172.0,[ 0.23339206 -0.03766511  0.67113715],-13.549873305020949,0.0,0.13434219999999897,0.00012259999999741922,0.0003487999999975955,0.3829026817988333,2.3002808557267715,False,False,False,True
0,173.0,[ 0.23339179 -0.03766552  0.67113692],-13.54495349376999,0.0,0.13434219999999897,0.0001296000000010622,0.00033420000000461414,0.38290317089183495,2.3002887566770345,False,False,False,True
0,174.0,[ 0.23339215 -0.03766499  0.67113662],-13.539888009668214,0.0,0.13434219999999897,0.00011800000000050659,0.00032290000000045893,0.38290270042430863,2.3002824228585124,False,False,False,True
0,175.0,[ 0.23339188 -0.03766547  0.67113686],-13.539951676265177,0.0,0.13434219999999897,0.00011680000000069413,0.0003354999999984898,0.38290309145291046,2.300288691379982,False,False,False,True
0,176.0,[ 0.2333919  -0.03766547  0.6711368 ],-13.539963154387763,0.0,0.13434219999999897,0.00013059999999853744,0.000362400000000207,0.38290309555078766,2.3002899320238144,False,False,False,True
0,177.0,[ 0.23339146 -0.03766561  0.67113692],-13.534907300229376,0.0,0.13434219999999897,0.00013090000000204327,0.0003265999999939595,0.3829034891924592,2.3002832064241767,False,False,False,True
0,178.0,[ 0.23339194 -0.03766513  0.67113709],-13.52990226796536,0.0,0.13434219999999897,0.00013820000000208665,0.0003478999999941834,0.38290280758845957,2.300283794098335,False,False,False,True
0,179.0,[ 0.23339212 -0.0376654   0.67113692],-13.534939437600334,0.0,0.13434219999999897,0.0001243999999971379,0.00031369999999952825,0.3829028415626027,2.3002877772211483,False,False,False,True
0,180.0,[ 0.23339218 -0.03766506  0.67113709],-13.534835062445238,0.0,0.13434219999999897,0.00012230000000101882,0.00032720000000097116,0.3829025777680718,2.3002768725977916,False,False,False,True
0,181.0,[ 0.23339215 -0.03766501  0.67113709],-13.539868690152536,0.0,0.13434219999999897,0.00012440000000424334,0.0003437999999960084,0.38290257662640076,2.300280529240923,False,False,False,True
0,182.0,[ 0.23339215 -0.03766506  0.67113698],-13.53988100180572,0.0,0.13434219999999897,0.00012189999999634438,0.00035549999999773263,0.38290263514740885,2.3002817698870204,False,False,False,True
0,183.0,[ 0.2333923  -0.03766496  0.67113715],-13.539916028705113,0.0,0.13434219999999897,0.00012159999999994398,0.0003494999999986703,0.3829024115401139,2.3002859489029204,False,False,False,True
0,184.0,[ 0.233392   -0.03766546  0.67113692],-13.539940850143607,0.0,0.13434219999999897,0.00014249999999549345,0.00036159999999796355,0.3829029730157338,2.3002877119240814,False,False,False,True
0,185.0,[ 0.23339188 -0.03766548  0.67113692],-13.544946074207312,0.0,0.13434219999999897,0.00012110000000120635,0.0003533999999945081,0.3829030787353584,2.3002881037064675,False,False,False,True
0,186.0,[ 0.23339196 -0.03766549  0.67113692],-13.544910398328064,0.0,0.13434219999999897,0.00011930000000148766,0.000350500000003251,0.38290302460829395,2.3002843164752993,False,False,False,True
0,187.0,[ 0.23339207 -0.03766501  0.67113709],-13.544858817250189,0.0,0.13434219999999897,0.00012549999999578176,0.00037309999999735055,0.3829026381059304,2.3002793538916713,False,False,False,True
0,188.0,[ 0.23339191 -0.03766549  0.67113692],-13.539918116692558,0.0,0.13434219999999897,0.00013009999999979982,0.00033690000000063947,0.38290305781977485,2.300285100040632,False,False,False,True
0,189.0,[ 0.23339224 -0.03766506  0.67113692],-13.539848280161388,0.0,0.13434219999999897,0.000141299999995681,0.0003340000000022769,0.3829025777657708,2.3002783091365213,False,False,False,True
0,190.0,[ 0.23339203 -0.03766509  0.67113715],-13.544878375519906,0.0,0.13434219999999897,0.00012860000000358696,0.0003224000000017213,0.38290269903822166,2.3002813781040796,False,False,False,True
0,191.0,[ 0.233392   -0.03766507  0.67113698],-13.544879937328009,0.0,0.13434219999999897,0.00012300000000209366,0.00032860000000312084,0.3829027617826643,2.300281443401239,False,False,False,True
0,192.0,[ 0.2333919  -0.03766548  0.67113692],-13.539978329537464,0.0,0.13434219999999897,0.00011640000000312511,0.0003433999999984394,0.3829030664394587,2.300291629746395,False,False,False,True
0,193.0,[ 0.23339251 -0.03766494  0.67113674],-13.53495408969726,0.0,0.13434219999999897,0.00012279999999975644,0.00033709999999587126,0.38290234680158086,2.3002901932119455,False,False,False,True
0,194.0,[ 0.23339236 -0.03766496  0.67113715],-13.539897908282514,0.0,0.13434219999999897,0.0001314000000007809,0.00033289999999652764,0.38290236603270766,2.300284055286825,False,False,False,True
0,195.0,[ 0.23339219 -0.03766504  0.67113715],-13.539891530798252,0.0,0.13434219999999897,0.0001259000000004562,0.00033089999999447173,0.3829025380497784,2.300283075829909,False,False,False,True
0,196.0,[ 0.23339215 -0.03766505  0.67113727],-13.539880891673347,0.0,0.13434219999999897,0.00011690000000186274,0.00034270000000447,0.3829025495024406,2.3002819004813264,False,False,False,True
0,197.0,[ 0.2333923  -0.03766508  0.67113709],-13.534911829711287,0.0,0.13434219999999897,0.0001163000000019565,0.00045919999999455285,0.3829024904294831,2.3002853612290455,False,False,False,True
0,198.0,[ 0.23339203 -0.03766508  0.67113715],-13.534871109526907,0.0,0.13434219999999897,0.00012700000000620548,0.00035799999999852616,0.38290269536201027,2.3002805945380946,False,False,False,True
0,199.0,[ 0.23339182 -0.0376655   0.67113692],-13.534898931794885,0.0,0.13434219999999897,0.00013650000000353657,0.0003492000000022699,0.38290313894760414,2.3002828799385,False,False,False,True
0,200.0,[ 0.23339181 -0.03766549  0.67113692],-13.534882785708799,0.0,0.13434219999999897,0.00020710000000434547,0.0003606999999945515,0.3829031438910744,2.300281116915433,False,False,False,True
0,201.0,[ 0.23339215 -0.03766505  0.67113674],-13.534884296781087,0.0,0.13434219999999897,0.0001712000000040348,0.00035170000000306345,0.38290269337014654,2.3002820310756285,False,False,False,True
0,202.0,[ 0.23339212 -0.03766541  0.67113703],-13.534881971294432,0.0,0.13434219999999897,0.00011669999999952552,0.0003640999999987571,0.3829028161275066,2.300281573995554,False,False,False,True
0,203.0,[ 0.23339206 -0.03766514  0.67113739],-13.534850352330833,0.0,0.13434219999999897,0.000126099999995688,0.0003358999999960588,0.3829026346049948,2.3002784397309286,False,False,False,True
0,204.0,[ 0.23339203 -0.03766546  0.67113692],-13.539901965481777,0.0,0.13434219999999897,0.00012430000000307473,0.00033859999999918955,0.3829029447477208,2.3002835329098295,False,False,False,True
0,205.0,[ 0.23339216 -0.03766502  0.67113715],-13.544856948012914,0.0,0.13434219999999897,0.0001178000000052748,0.0003923000000014554,0.3829025552891654,2.3002792885944814,False,False,False,True
0,206.0,[ 0.23339182 -0.03766519  0.67113686],-13.544855362358714,0.0,0.13434219999999897,0.00014159999999918682,0.00035179999999712663,0.3829030009404334,2.3002783744337254,False,False,False,True
0,207.0,[ 0.2333916  -0.03766556  0.67113692],-13.544897400662048,0.0,0.13434219999999897,0.00011959999999788806,0.00032969999999465927,0.38290335279583837,2.3002823575613673,False,False,False,True
0,208.0,[ 0.2333917  -0.03766554  0.67113698],-13.544902271260343,0.0,0.13434219999999897,0.0001202999999989629,0.00034589999999923293,0.38290323930213294,2.300283075829909,False,False,False,True
0,209.0,[ 0.23339194 -0.03766511  0.67113727],-13.549844869900596,0.0,0.13434219999999897,0.00016140000000319787,0.00034439999999591464,0.3829027473786237,2.3002776561644285,False,False,False,True
0,210.0,[ 0.23339187 -0.03766514  0.67113703],-13.544848899828414,0.0,0.13434219999999897,0.00012670000000269965,0.00030800000000397176,0.382902892814162,2.3002778520560665,False,False,False,True
0,211.0,[ 0.23339164 -0.03766557  0.67113686],-13.544961429527794,0.0,0.13434219999999897,0.0001162000000007879,0.0003151000000016779,0.38290333597810483,2.300289344350463,False,False,False,True
0,212.0,[ 0.23339233 -0.03766509  0.67113715],-13.53990585100716,0.0,0.13434219999999897,0.0001238999999984003,0.0004694000000000642,0.3829024531201353,2.3002847735550933,False,False,False,True
0,213.0,[ 0.23339213 -0.03766538  0.67113686],-13.539885915858626,0.0,0.13434219999999897,0.00013299999999816237,0.0004656999999994582,0.38290283830805083,2.300281965778478,False,False,False,True
0,214.0,[ 0.23339212 -0.03766505  0.67113715],-13.539920823000754,0.0,0.13434219999999897,0.00012310000000326227,0.00036300000000011323,0.38290260688172856,2.300286144794195,False,False,False,True
0,215.0,[ 0.23339188 -0.03766513  0.6711368 ],-13.539822566945155,0.0,0.13434219999999897,0.00011920000000031905,0.0003527000000005387,0.38290293874091585,2.3002749136805978,False,False,False,True
0,216.0,[ 0.2333921  -0.03766504  0.67113715],-13.544865624417797,0.0,0.13434219999999897,0.00014419999999404354,0.0003430000000008704,0.3829026118252115,2.3002801374578734,False,False,False,True
0,217.0,[ 0.23339213 -0.03766509  0.67113692],-13.54483420268122,0.0,0.13434219999999897,0.00012720000000143727,0.00034420000000068285,0.38290267854193466,2.300276611408882,False,False,False,True
0,218.0,[ 0.2333923  -0.03766499  0.67113709],-13.549876250900883,0.0,0.13434219999999897,0.00012329999999849406,0.00034079999999647725,0.38290244263871925,2.300281573995554,False,False,False,True
0,219.0,[ 0.23339164 -0.03766511  0.67113727],-13.549848091910338,0.0,0.13434219999999897,0.00011659999999835691,0.000354600000001426,0.3829029969730316,2.300277590867214,False,False,False,True
0,220.0,[ 0.23339176 -0.03766555  0.6711368 ],-13.554872287161695,0.0,0.13434219999999897,0.00014360000000124273,0.00038080000000206837,0.3829032429760284,2.3002798109719724,False,False,False,True
0,221.0,[ 0.23339212 -0.03766507  0.67113709],-13.54985870271592,0.0,0.13434219999999897,0.00012630000000513064,0.0003469999999978768,0.382902630627902,2.3002793538916713,False,False,False,True
0,222.0,[ 0.23339202 -0.03766506  0.67113721],-13.54991113195352,0.0,0.13434219999999897,0.00012929999999755637,0.0003683999999992693,0.3829026802355456,2.3002849694464196,False,False,False,True
0,223.0,[ 0.23339228 -0.03766507  0.67113692],-13.549848372297745,0.0,0.13434219999999897,0.00012020000000489972,0.0004045999999959804,0.38290254455427825,2.3002783744337254,False,False,False,True
0,224.0,[ 0.23339243 -0.037665    0.67113715],-13.549832961805924,0.0,0.13434219999999897,0.00014469999999988659,0.0003513999999995576,0.38290232293425475,2.3002770684894633,False,False,False,True
0,225.0,[ 0.23339188 -0.03766547  0.67113668],-13.544952429532918,0.0,0.13434219999999897,0.00012230000000101882,0.0003339000000011083,0.38290314063426406,2.300288691379982,False,False,False,True
0,226.0,[ 0.233392   -0.03766506  0.67113721],-13.544831412912501,0.0,0.13434219999999897,0.00012070000001074277,0.0003363999999947964,0.38290269253145304,2.3002762849227234,False,False,False,True
0,227.0,[ 0.23339204 -0.03766544  0.67113692],-13.54499178578404,0.0,0.13434219999999897,0.00012219999999274478,0.000323800000003871,0.3829029250993902,2.3002933274683315,False,False,False,True
0,228.0,[ 0.23339233 -0.03766498  0.67113703],-13.544918726379006,0.0,0.13434219999999897,0.00011969999999905667,0.0003281999999984464,0.38290243076446745,2.3002862100912846,False,False,False,True
0,229.0,[ 0.23339197 -0.03766505  0.67113715],-13.549860766773087,0.0,0.13434219999999897,0.00012220000000695563,0.0003267999999962967,0.3829027261645839,2.3002794191888603,False,False,False,True
0,230.0,[ 0.23339184 -0.03766512  0.67113709],-13.549873489565613,0.0,0.13434219999999897,0.00012300000000209366,0.00034360000000788204,0.38290288998359695,2.300280529240923,False,False,False,True
0,231.0,[ 0.23339221 -0.03766533  0.67113698],-13.54489369083686,0.0,0.13434219999999897,0.00011229999999784468,0.000335300000003258,0.3829027183074978,2.3002830105327736,False,False,False,True
0,232.0,[ 0.23339188 -0.03766513  0.67113745],-13.5448660671011,0.0,0.13434219999999897,0.00012320000000443088,0.00032509999999774664,0.38290275840977245,2.3002799415663358,False,False,False,True
0,233.0,[ 0.23339199 -0.03766549  0.67113692],-13.549928590415519,0.0,0.13434219999999897,0.0001278000000013435,0.0003958999999866819,0.38290299634028074,2.300286340685461,False,False,False,True
0,234.0,[ 0.23339188 -0.03766546  0.6711368 ],-13.544955419593439,0.0,0.13434219999999897,0.00012830000000008113,0.0003445000000112941,0.3829031004942568,2.3002890831622818,False,False,False,True
0,235.0,[ 0.23339215 -0.03766499  0.67113715],-13.539828673192948,0.0,0.13434219999999897,0.00011639999999601969,0.00032440000001088265,0.3829025528802263,2.3002762196254887,False,False,False,True
0,236.0,[ 0.2333921  -0.03766508  0.67113656],-13.540009606756028,0.0,0.13434219999999897,0.00011529999999027041,0.00033430000000578275,0.3829027941441483,2.3002954822683224,False,False,False,True
0,237.0,[ 0.23339187 -0.03766554  0.67113686],-13.53992473416653,0.0,0.13434219999999897,0.00011960000000499349,0.00032230000000765813,0.3829031368347491,2.300285687714541,False,False,False,True
0,238.0,[ 0.23339191 -0.03766546  0.67113644],-13.534982985054969,0.0,0.13434219999999897,0.0001242999999959693,0.00041830000000686596,0.382903174265303,2.3002919562314332,False,False,False,True
0,239.0,[ 0.23339197 -0.03766546  0.67113692],-13.534898513130312,0.0,0.13434219999999897,0.00010839999998779604,0.00034530000000643213,0.3829029939313154,2.300283075829909,False,False,False,True
0,240.0,[ 0.23339216 -0.03766545  0.67113692],-13.534930855448094,0.0,0.13434219999999897,0.00012230000000101882,0.0003305999999980713,0.3829028304084266,2.300286863062128,False,False,False,True
0,241.0,[ 0.23339199 -0.03766547  0.67113692],-13.529924272149051,0.0,0.13434219999999897,0.0001138000000082684,0.000316400000002659,0.3829029889878484,2.3002858836058273,False,False,False,True
0,242.0,[ 0.23339197 -0.0376651   0.67113638],-13.534889658976086,0.0,0.13434219999999897,0.00011289999999064548,0.0003202999999984968,0.3829029650174011,2.300282161669927,False,False,False,True
0,243.0,[ 0.23339187 -0.03766511  0.67113668],-13.539898189415982,0.0,0.13434219999999897,0.00011189999999317024,0.0003435999999936712,0.38290297279578345,2.300283075829909,False,False,False,True
0,244.0,[ 0.23339243 -0.03766537  0.67113692],-13.540000745688177,0.0,0.13434219999999897,0.00011990000000139389,0.0003315000000014834,0.38290256864391,2.3002948945957007,False,False,False,True
0,245.0,[ 0.23339188 -0.03766549  0.67113692],-13.53988965457709,0.0,0.13434219999999897,0.0001218000000022812,0.0003158999999897105,0.38290308241157384,2.300281965778478,False,False,False,True
0,246.0,[ 0.23339197 -0.0376651   0.67113721],-13.544827865442839,0.0,0.13434219999999897,0.00011899999999798183,0.00032979999998872245,0.38290273550432335,2.3002758278420616,False,False,False,True
0,247.0,[ 0.23339236 -0.03766504  0.67113715],-13.549920701225377,0.0,0.13434219999999897,0.00012159999999994398,0.00037539999999580687,0.38290240279483506,2.3002864712796334,False,False,False,True
0,248.0,[ 0.23339206 -0.0376651   0.67113721],-13.544825533876926,0.0,0.13434219999999897,0.00011140000000864347,0.0003421999999915215,0.38290266172888276,2.300275697247578,False,False,False,True
0,249.0,[ 0.23339231 -0.03766502  0.67113715],-13.549909137432147,0.0,0.13434219999999897,0.00011390000000233158,0.00035109999998894637,0.382902432330119,2.300285165337737,False,False,False,True
0,250.0,[ 0.23339163 -0.0376651   0.67113733],-14.549772214936162,0.0,0.13434219999999897,0.00011039999999695738,0.00032699999999863394,0.3829029855228195,2.300269363410554,False,False,True,False
0,1.0,[-0.74857169  0.04052341  0.80410963],-44.546767632688756,0.0,0.001164500000001567,0.0001119000000073811,0.00034589999999923293,1.1660393123692332,2.9426870435775596,False,False,False,True
0,2.0,[-0.8475123  -0.33341056  0.34305164],-43.89252848731275,0.0,0.001164500000001567,0.00012069999999653191,0.0003255000000024211,1.4126354203719815,1.405658541311197,False,False,False,True
0,3.0,[-0.55788535  0.27495679  0.80821168],-27.95650718002219,0.0,0.001164500000001567,0.00012159999999994398,0.0003159000000039214,1.0754761401919448,1.5489558769666287,False,False,False,True
0,4.0,[ 0.21047802 -0.00995434  0.67067891],-10.597146128492799,0.0,0.001164500000001567,0.00011759999999583215,0.0003315000000014834,0.4895745327249868,1.6997767010161975,False,False,False,True
0,5.0,[0.05824789 0.07920461 0.65797633],-15.171141721144064,0.0,0.001164500000001567,0.00011659999999835691,0.0003424000000080696,0.6027918526279075,1.9854447070180985,False,False,False,True
0,6.0,[ 0.22179577 -0.006157    0.67121673],-10.264424484091238,0.0,0.001164500000001567,0.00011159999999676984,0.00032330000000513337,0.48774054013424306,1.655537343928305,False,False,False,True
0,7.0,[0.08426174 0.06152075 0.67056721],-11.539678709928365,0.0,0.001164500000001567,0.00012250000000335604,0.0003566000000034819,0.5723753094540757,1.5751839277486592,False,False,False,True
0,8.0,[0.07195109 0.09594479 0.67121762],-14.823527739708334,0.0,0.001164500000001567,0.00012190000001055523,0.0003421000000116692,0.5958686179554552,1.9618026840670608,False,False,False,True
0,9.0,[0.24377586 0.06774414 0.40158254],-16.556679460275202,0.0,0.001164500000001567,0.00013119999999844367,0.00036009999999464526,0.7530604064894585,1.6116264988876663,False,False,False,True
0,10.0,[0.20245256 0.0519655  0.44594297],-15.052384970790143,0.0,0.001164500000001567,0.00011229999999784468,0.0003186999999940099,0.7139992314817437,1.5550702427317764,False,False,False,True
0,11.0,[0.20609665 0.05296835 0.44512129],-15.16230447162622,0.0,0.001164500000001567,0.00011579999998900803,0.0003177999999905978,0.7143871273612294,1.5700836151042448,False,False,False,True
0,12.0,[0.20751429 0.05396839 0.45329407],-14.954997583368426,0.0,0.001164500000001567,0.00011750000000176897,0.00035290000000998134,0.7071915819136066,1.5696494692731617,False,False,False,True
0,13.0,[0.20755675 0.05400279 0.45357502],-14.953160737360188,0.0,0.001164500000001567,0.00011229999999784468,0.00033299999999769625,0.7069459554327612,1.5696670123477459,False,False,False,True
0,14.0,[0.20595475 0.05293882 0.44502562],-15.165372185095556,0.0,0.001164500000001567,0.0001836999999937916,0.0003390000000109694,0.7144897303400911,1.570105201868084,False,False,False,True
0,15.0,[0.20754233 0.05398896 0.45347336],-14.950492907959514,0.0,0.001164500000001567,0.00010910000000308173,0.00043890000000601503,0.7070340788410076,1.5696415411023743,False,False,False,True
0,16.0,[0.20755082 0.05399381 0.45353314],-14.949162531661655,0.0,0.001164500000001567,0.00013230000000419295,0.00033870000000035816,0.7069809319608522,1.5696690365387462,False,False,False,True
0,17.0,[0.20593791 0.05294528 0.44494039],-15.167754897904503,0.0,0.001164500000001567,0.00012480000000891778,0.0003363999999947964,0.7145720219900231,1.5701100925868705,False,False,False,True
0,18.0,[0.20754902 0.05399241 0.45351276],-14.954484130299361,0.0,0.001164500000001567,0.00011489999999980682,0.00032910000000185846,0.7069989329048421,1.5696391795135045,False,False,False,True
0,19.0,[0.2075448  0.05398882 0.45349452],-14.95512715794291,0.0,0.001164500000001567,0.00012159999999994398,0.00035789999999735755,0.707014629950256,1.5696708920453615,False,False,False,True
0,20.0,[0.20593539 0.05294584 0.4449271 ],-15.173120237140031,0.0,0.001164500000001567,0.0001105999999992946,0.00038869999998780713,0.7145846554043583,1.5701107671678327,False,False,False,True
0,21.0,[0.20754769 0.05399076 0.45350239],-14.949737002770414,0.0,0.001164500000001567,0.00011820000000284381,0.00032399999999199736,0.7070077997039986,1.569639516883514,False,False,False,True
0,22.0,[0.20754611 0.05398969 0.45350152],-14.954950600034696,0.0,0.001164500000001567,0.00011659999999835691,0.00035929999999950724,0.7070084617446871,1.5696705546806504,False,False,False,True
0,23.0,[0.20593573 0.05294593 0.44492832],-15.173087020079903,0.0,0.001164500000001567,0.00011289999999064548,0.0003139999999888232,0.7145835303480561,1.5701105985226136,False,False,False,True
0,24.0,[0.20754856 0.05399191 0.45350891],-14.949578177192533,0.0,0.001164500000001567,0.00012960000000816763,0.00033249999999895863,0.7070022584640334,1.5696391795135045,False,False,False,True
0,25.0,[0.2075431  0.0539874  0.45348269],-14.955423706225167,0.0,0.001164500000001567,0.00011549999999260763,0.00034780000000012024,0.7070249660069945,1.5696715667746124,False,False,False,True
0,26.0,[0.20593439 0.05294632 0.44492102],-15.173289231911381,0.0,0.001164500000001567,0.00011809999999456977,0.000336099999998396,0.7145904936124362,1.5701111044582285,False,False,False,True
0,27.0,[0.20754457 0.05398834 0.45348281],-14.950229223215326,0.0,0.001164500000001567,0.00011609999999961929,0.0003336999999987711,0.7070249424030438,1.5696406976780986,False,False,False,True
0,28.0,[0.20754594 0.05399039 0.4535023 ],-14.94993896028488,0.0,0.001164500000001567,0.00011229999999784468,0.0003174999999941974,0.7070080876102105,1.5696703859982737,False,False,False,True
0,29.0,[0.20593703 0.05294582 0.44493648],-15.167863952088569,0.0,0.001164500000001567,0.00011929999999438223,0.00032230000000765813,0.7145759114585143,1.570109755296304,False,False,False,True
0,30.0,[0.2075468  0.0539904  0.45349896],-14.949825650616157,0.0,0.001164500000001567,0.00011670000000663094,0.00031540000000518376,0.7070108968606147,1.5696396855684975,False,False,False,True
0,31.0,[0.20754403 0.05398844 0.45348972],-14.950249494153804,0.0,0.001164500000001567,0.00011589999999728207,0.00035680000000581913,0.707018918289383,1.5696710607276956,False,False,False,True
0,32.0,[0.20593759 0.05294432 0.44493848],-15.172793658164077,0.0,0.001164500000001567,0.00010370000001103108,0.00033249999999895863,0.7145734151101732,1.5701099239415943,False,False,False,True
0,33.0,[0.20754614 0.0539897  0.45349374],-14.949955256982795,0.0,0.001164500000001567,0.00011879999999564461,0.00035920000000544405,0.7070154048449913,1.5696400229384215,False,False,False,True
0,34.0,[0.2075464  0.0539903  0.45350543],-14.949855220543713,0.0,0.001164500000001567,0.0001103000000028942,0.0003319000000061578,0.7070051639941088,1.5696702173158825,False,False,False,True
0,35.0,[0.20593676 0.05294607 0.44493577],-15.167887654707355,0.0,0.001164500000001567,0.00012919999998928233,0.00032530000000008386,0.7145767036570531,1.5701099239415943,False,False,False,True
0,36.0,[0.20754766 0.05399108 0.45350367],-14.949707395031577,0.0,0.001164500000001567,0.00011870000000158143,0.0003287999999912472,0.7070067902151099,1.5696393481985165,False,False,False,True
0,37.0,[0.20754662 0.05399071 0.45350611],-14.954841295721303,0.0,0.001164500000001567,0.00013230000000419295,0.00034889999999165866,0.7070046716063595,1.5696702173158825,False,False,False,True
0,38.0,[0.2059357  0.05294633 0.44492969],-15.168055517191254,0.0,0.001164500000001567,0.00012599999999451938,0.00032539999999414704,0.7145824652610709,1.57011042987738,False,False,False,True
0,39.0,[0.20754865 0.0539915  0.45350882],-14.949576322145983,0.0,0.001164500000001567,0.00011929999999438223,0.000315600000007521,0.7070021554182085,1.5696393481985165,False,False,False,True
0,40.0,[0.20746933 0.05393532 0.45304057],-14.961536574755632,0.0,0.001164500000001567,0.00011020000000883101,0.0003238999999979342,0.7074137592806902,1.569689784378249,False,False,False,True
0,41.0,[0.20604238 0.05325337 0.44551936],-15.160555291229093,0.0,0.001164500000001567,0.00012510000000531818,0.00034580000000516975,0.7141547936667262,1.570065907037951,False,False,False,True
0,42.0,[0.20748118 0.05395601 0.45310083],-14.95999921353622,0.0,0.001164500000001567,0.00012179999998807034,0.00034250000000213277,0.7073658650587406,1.5696607710792503,False,False,False,True
0,43.0,[0.20747855 0.05395551 0.45310503],-14.965059071808147,0.0,0.001164500000001567,0.0001297000000022308,0.00033620000000667005,0.7073624407606356,1.5696857360362417,False,False,False,True
0,44.0,[0.20604846 0.05325955 0.44555241],-15.154733531480106,0.0,0.001164500000001567,0.00011349999999765714,0.00032390000001214503,0.7141264340911433,1.5700640518981168,False,False,False,True
0,45.0,[0.20748237 0.05395701 0.45310813],-14.959813953994546,0.0,0.001164500000001567,0.0001297000000022308,0.000332000000000221,0.7073595046711372,1.5696599276630931,False,False,False,True
0,46.0,[0.20747972 0.05395588 0.4531118 ],-14.96488245407796,0.0,0.001164500000001567,0.00012889999999288193,0.00032339999999919655,0.7073563109056901,1.569685229992914,False,False,False,True
0,47.0,[0.20604768 0.05325965 0.44554812],-15.15484884485341,0.0,0.001164500000001567,0.00010609999999644515,0.0003379999999992833,0.7141304709479894,1.5700640518981168,False,False,False,True
0,48.0,[0.20748149 0.05395658 0.45310274],-14.959954693554023,0.0,0.001164500000001567,0.00012990000000456803,0.00034060000000124546,0.7073643290456969,1.5696606023960473,False,False,False,True
0,49.0,[0.20748006 0.05395602 0.4531132 ],-14.959846711182267,0.0,0.001164500000001567,0.0001773000000042657,0.0003391999999990958,0.7073550476481543,1.569685229992914,False,False,False,True
0,50.0,[0.20604658 0.05325759 0.44554195],-15.154993868708331,0.0,0.001164500000001567,0.0001220999999986816,0.0003218000000089205,0.7141353995547022,1.5700647264946195,False,False,False,True
0,51.0,[0.20747885 0.053956   0.45308837],-14.960329328000247,0.0,0.001164500000001567,0.00011870000000158143,0.00033279999999535903,0.7073774571353976,1.5696611084456134,False,False,False,True
0,52.0,[0.2074804  0.05395616 0.45311522],-14.964794094202746,0.0,0.001164500000001567,0.00012279999999975644,0.000347599999997783,0.707353225439456,1.5696850613117763,False,False,False,True
0,53.0,[0.20604715 0.05325862 0.44554475],-15.154929569930461,0.0,0.001164500000001567,0.00012900000000115597,0.00033739999999227166,0.71413318569876,1.570064557845515,False,False,False,True
0,54.0,[0.20748095 0.05395636 0.45309976],-14.960030526219816,0.0,0.001164500000001567,0.0001218000000022812,0.00034829999999885786,0.707367009154059,1.5696606023960473,False,False,False,True
0,55.0,[0.20747927 0.0539562  0.45310897],-14.964961339947026,0.0,0.001164500000001567,0.00012440000000424334,0.00035409999999558295,0.707359061521307,1.5696853986740373,False,False,False,True
0,56.0,[0.20604777 0.05325937 0.44554853],-15.154834446969893,0.0,0.001164500000001567,0.00011299999999891952,0.00034449999999708325,0.7141299669123411,1.5700640518981168,False,False,False,True
0,57.0,[0.20748369 0.05395744 0.45311543],-14.959625726387412,0.0,0.001164500000001567,0.0001239999999995689,0.0003379999999992833,0.707352889598475,1.569659758979819,False,False,False,True
0,58.0,[0.2075657  0.05398808 0.45360148],-14.95226672796934,0.0,0.001164500000001567,0.00010599999998817111,0.00035489999999072097,0.70691460171582,1.569665831568715,False,False,False,True
0,59.0,[0.20603073 0.05324292 0.4454588 ],-15.157086654966582,0.0,0.001164500000001567,0.00012139999999760676,0.00034800000000245745,0.7142072128221261,1.5700713037985867,False,False,False,True
0,60.0,[0.20747948 0.05395538 0.45309132],-14.96023780543672,0.0,0.001164500000001567,0.00013390000000867985,0.000323800000003871,0.707374447139301,1.569660096346353,False,False,False,True
0,61.0,[0.20748809 0.05395836 0.45315877],-14.963663295406521,0.0,0.001164500000001567,0.00011709999999709453,0.00033980000000610744,0.707313670239391,1.5696832058183212,False,False,False,True
0,62.0,[0.20604424 0.05325598 0.44552809],-15.155349766365086,0.0,0.001164500000001567,0.0001308000000079801,0.0003832000000016933,0.7141476360193119,1.5700657383889465,False,False,False,True
0,63.0,[0.2074855  0.05395815 0.45312503],-14.95938098486436,0.0,0.001164500000001567,0.00013319999999339416,0.00035429999999792017,0.7073442396366565,1.569659758979819,False,False,False,True
0,64.0,[0.20748521 0.05395762 0.4531419 ],-14.964102854440993,0.0,0.001164500000001567,0.00011680000000069413,0.00030990000000485907,0.7073290191155882,1.5696840492246509,False,False,False,True
0,65.0,[0.20604593 0.05325862 0.44553787],-15.15511478789292,0.0,0.001164500000001567,0.0001160000000055561,0.00036880000000394375,0.7141395955262411,1.5700648951437095,False,False,False,True
0,66.0,[0.20748793 0.05395869 0.45313978],-14.958995231750139,0.0,0.001164500000001567,0.00010549999998943349,0.0003180000000071459,0.7073307928167641,1.5696589155632346,False,False,False,True
0,67.0,[0.20748654 0.0539581  0.45314956],-14.963905134296128,0.0,0.001164500000001567,0.00011240000000611872,0.0003415000000046575,0.7073221056818945,1.5696837118621618,False,False,False,True
0,68.0,[0.20604557 0.05325847 0.44553697],-15.155138024002836,0.0,0.001164500000001567,0.00012989999999035717,0.00034220000000573236,0.7141404089560253,1.5700648951437095,False,False,False,True
0,69.0,[0.20749013 0.05395912 0.45315123],-14.958696258984084,0.0,0.001164500000001567,0.00011909999999204501,0.00036509999999623233,0.7073203006690943,1.5696585781965011,False,False,False,True
0,70.0,[0.20748451 0.05395693 0.45313793],-14.964201333629587,0.0,0.001164500000001567,0.00012379999999723168,0.0003148999999922353,0.7073324249120443,1.5696843865870829,False,False,False,True
0,71.0,[0.20604676 0.05325969 0.4455424 ],-15.160004101685933,0.0,0.001164500000001567,0.00010810000000560649,0.00034570000001110657,0.7141357948625972,1.570064557845515,False,False,False,True
0,72.0,[0.20748922 0.05395877 0.45314541],-14.958845372163625,0.0,0.001164500000001567,0.00011109999999803222,0.0003136999999924228,0.707325533571729,1.569658746879875,False,False,False,True
0,73.0,[0.20748407 0.05395719 0.45313579],-14.964261073939698,0.0,0.001164500000001567,0.00011840000000518103,0.00031760000000247146,0.707334536374026,1.5696843865870829,False,False,False,True
0,74.0,[0.206047   0.0532598  0.44554323],-15.159983798689712,0.0,0.001164500000001567,0.00011659999999835691,0.0003328999999894222,0.714135047029778,1.5700647264946195,False,False,False,True
0,75.0,[0.20749076 0.05395934 0.45315555],-14.958584890979546,0.0,0.001164500000001567,0.00019919999999729043,0.0003161000000062586,0.7073164018269715,1.569658409513113,False,False,False,True
0,76.0,[0.20748343 0.05395697 0.45313358],-14.964317918313485,0.0,0.001164500000001567,0.00011739999999349493,0.00035579999999413303,0.7073365454761599,1.5696843865870829,False,False,False,True
0,77.0,[0.20604679 0.05326013 0.44554213],-15.160016920433886,0.0,0.001164500000001567,0.00011979999999311985,0.0003462999999896965,0.7141362065344621,1.5700647264946195,False,False,False,True
0,78.0,[0.20749028 0.05395916 0.45315218],-14.958670674928575,0.0,0.001164500000001567,0.00010979999998994572,0.0003315000000014834,0.7073194338422388,1.569658409513113,False,False,False,True
0,79.0,[0.20748346 0.053957   0.45313364],-14.959317640056733,0.0,0.001164500000001567,0.00012379999999723168,0.0003255000000024211,0.7073364982086388,1.5696845552682777,False,False,False,True
0,80.0,[0.20604667 0.05325969 0.44554222],-15.160009274712914,0.0,0.001164500000001567,0.00011999999999545707,0.00032319999999685933,0.7141359759565278,1.570064557845515,False,False,False,True
0,81.0,[0.20748748 0.05395846 0.45313773],-14.959048178395348,0.0,0.001164500000001567,0.00011589999999728207,0.0003375000000005457,0.707332626735107,1.56965908424658,False,False,False,True
0,82.0,[0.20748463 0.05395741 0.45313919],-14.959173388620117,0.0,0.001164500000001567,0.00011559999998667081,0.00032530000000008386,0.7073314746543719,1.5696842179058739,False,False,False,True
0,83.0,[0.20604596 0.05325779 0.44553781],-15.155106756414364,0.0,0.001164500000001567,0.00012130000000354357,0.00034420000000068285,0.7141393143669206,1.5700648951437095,False,False,False,True
0,84.0,[0.20748766 0.05395856 0.45313919],-14.959010299412705,0.0,0.001164500000001567,0.00011659999999835691,0.0003298999999969965,0.7073313253701694,1.5696589155632346,False,False,False,True
0,85.0,[0.207486   0.05395799 0.45314696],-14.958973501793203,0.0,0.001164500000001567,0.00011359999999172032,0.0003566000000034819,0.7073244846644835,1.5696838805434135,False,False,False,True
0,86.0,[0.206046   0.05325861 0.44553882],-15.15508980086717,0.0,0.001164500000001567,0.00011789999999223255,0.0003605999999933829,0.7141387208008649,1.5700648951437095,False,False,False,True
0,87.0,[0.20748694 0.05395833 0.45313409],-14.959141591365823,0.0,0.001164500000001567,0.00011890000000391865,0.0003276999999997088,0.707335928320137,1.56965908424658,False,False,False,True
0,88.0,[0.20748724 0.05395805 0.45315346],-14.958801891334476,0.0,0.001164500000001567,0.0001218000000022812,0.00035979999999824486,0.7073184565937654,1.5696837118621618,False,False,False,True
0,89.0,[0.20604588 0.05325816 0.44553703],-15.155132203176539,0.0,0.001164500000001567,0.00011980000000733071,0.00035379999999918255,0.714140168107468,1.5700650637927853,False,False,False,True
0,90.0,[0.20748602 0.05395795 0.45312846],-14.959289198322411,0.0,0.001164500000001567,0.00012150000000588079,0.0003485000000011951,0.7073409955743144,1.569659758979819,False,False,False,True
0,91.0,[0.20748544 0.05395772 0.45314381],-14.964054568275932,0.0,0.001164500000001567,0.00011930000000859309,0.00034200000000339514,0.707327312476174,1.5696840492246509,False,False,False,True
0,92.0,[0.20604545 0.0532584  0.44553551],-15.155175295305835,0.0,0.001164500000001567,0.00010879999999247048,0.00030010000000402215,0.7141417137158625,1.5700648951437095,False,False,False,True
0,93.0,[0.2074866  0.05395808 0.45313126],-14.959214412458577,0.0,0.001164500000001567,0.00011800000000050659,0.0003276999999997088,0.7073384272305665,1.569659421613228,False,False,False,True
0,94.0,[0.2074858  0.05395784 0.45314577],-14.964003120643339,0.0,0.001164500000001567,0.00011549999999260763,0.0003339000000011083,0.7073255315258908,1.5696838805434135,False,False,False,True
0,95.0,[0.20604655 0.05325925 0.44554147],-15.155026061468428,0.0,0.001164500000001567,0.00011449999999513238,0.00034459999999114643,0.714136489459234,1.5700648951437095,False,False,False,True
0,96.0,[0.20748885 0.05395903 0.453145  ],-14.958861982962409,0.0,0.001164500000001567,0.000110899999995695,0.0003492000000022699,0.7073260832370071,1.5696589155632346,False,False,False,True
0,97.0,[0.20748296 0.05395678 0.45312923],-14.964429361547664,0.0,0.001164500000001567,0.00013420000000508026,0.0003410999999999831,0.7073404468660096,1.5696845552682777,False,False,False,True
0,98.0,[0.20604806 0.05326097 0.44554922],-15.15983354566564,0.0,0.001164500000001567,0.00013030000000924247,0.00034399999999834563,0.7141299353598116,1.5700640518981168,False,False,False,True
0,99.0,[0.2074887  0.05395898 0.4531444 ],-14.958877386692143,0.0,0.001164500000001567,0.00012929999999755637,0.0003555999999917958,0.707326627672034,1.5696589155632346,False,False,False,True
0,100.0,[0.20748395 0.05395679 0.45313436],-14.964294385047447,0.0,0.001164500000001567,0.00012060000000246873,0.0003503000000080192,0.70733567628644,1.5696845552682777,False,False,False,True
0,101.0,[0.20604686 0.05325902 0.44554234],-15.159997415707052,0.0,0.001164500000001567,0.00011960000000499349,0.0003513999999995576,0.7141355608041721,1.570064557845515,False,False,False,True
0,102.0,[0.20748967 0.05395897 0.45314917],-14.958748103763705,0.0,0.001164500000001567,0.00010819999999966967,0.0003205999999948972,0.7073221705366386,1.569658409513113,False,False,False,True
0,103.0,[0.20748493 0.05395754 0.45314065],-14.964136311748062,0.0,0.001164500000001567,0.00010539999999537031,0.0003391000000050326,0.7073301642041895,1.5696842179058739,False,False,False,True
0,104.0,[0.20604578 0.05325811 0.44553715],-15.160129164571206,0.0,0.001164500000001567,0.00011759999999583215,0.00034449999999708325,0.7141400617345984,1.5700650637927853,False,False,False,True
0,105.0,[0.20748609 0.05395801 0.45312876],-14.959280860892948,0.0,0.001164500000001567,0.00012139999999760676,0.00034440000000302007,0.7073407383317181,1.5696595902965307,False,False,False,True
0,106.0,[0.20748699 0.05395791 0.45315138],-14.95885338242538,0.0,0.001164500000001567,0.00012339999999255724,0.0003563000000070815,0.7073203139653037,1.5696835431808958,False,False,False,True
0,107.0,[0.2060456  0.05325804 0.4455356 ],-15.155170125249775,0.0,0.001164500000001567,0.00011290000000485634,0.00033870000000035816,0.7141414585712145,1.570065232441847,False,False,False,True
0,108.0,[0.20748797 0.05395865 0.45313972],-14.95899605885842,0.0,0.001164500000001567,0.00012050000000840555,0.0003528999999957705,0.707330822050196,1.5696589155632346,False,False,False,True
0,109.0,[0.2074848  0.05395745 0.45313945],-14.959167157754445,0.0,0.001164500000001567,0.00012479999999470692,0.00032690000000457076,0.7073312169968151,1.5696843865870829,False,False,False,True
0,110.0,[0.20604751 0.05326038 0.44554651],-15.159901433963261,0.0,0.001164500000001567,0.0001204999999941947,0.0003370000000018081,0.7141322378074649,1.5700643891963966,False,False,False,True
0,111.0,[0.20748694 0.05395865 0.45313314],-14.959170393047524,0.0,0.001164500000001567,0.0001133999999893831,0.0003467000000085818,0.7073369088500383,1.5696592529299112,False,False,False,True
0,112.0,[0.20748526 0.05395726 0.45314276],-14.959077751476213,0.0,0.001164500000001567,0.00012300000000209366,0.00032149999999830925,0.7073280944367565,1.5696842179058739,False,False,False,True
0,113.0,[0.20604627 0.05325989 0.4455393 ],-15.155090684885979,0.0,0.001164500000001567,0.00011949999999671945,0.00032480000000134623,0.7141387517478912,1.5700648951437095,False,False,False,True
0,114.0,[0.20748991 0.05395948 0.45315018],-14.95872690116059,0.0,0.001164500000001567,0.0001294000000058304,0.0003420999999974583,0.7073214211392908,1.569658409513113,False,False,False,True
0,115.0,[0.20748621 0.05395806 0.45314872],-14.963928642672384,0.0,0.001164500000001567,0.0001163000000019565,0.0003511999999972204,0.7073228991414291,1.5696838805434135,False,False,False,True
0,116.0,[0.20604566 0.05325846 0.44553626],-15.160156774059375,0.0,0.001164500000001567,0.0001318999999995185,0.00032369999999559695,0.7141410282631188,1.5700650637927853,False,False,False,True
0,117.0,[0.20748624 0.0539576  0.4531309 ],-14.959219008808562,0.0,0.001164500000001567,0.00013120000001265453,0.00034440000000302007,0.7073386271154569,1.5696592529299112,False,False,False,True
0,118.0,[0.20748752 0.05395848 0.45315465],-14.958772949579934,0.0,0.001164500000001567,0.00011989999998718304,0.00043449999999722877,0.7073175085214183,1.5696833744996157,False,False,False,True
0,119.0,[0.20604487 0.05325779 0.44553223],-15.155258643272642,0.0,0.001164500000001567,0.00010660000000939363,0.00030800000000397176,0.7141445202431795,1.5700654010908943,False,False,False,True
0,120.0,[0.20748754 0.05395848 0.45313746],-14.959053810789742,0.0,0.001164500000001567,0.00011839999999097017,0.0003224000000017213,0.7073328632396293,1.5696589155632346,False,False,False,True
0,121.0,[0.20748547 0.05395776 0.45314288],-14.964077107706126,0.0,0.001164500000001567,0.00011709999999709453,0.00033630000000073323,0.7073281465497633,1.5696838805434135,False,False,False,True
0,122.0,[0.20604509 0.05325706 0.44553339],-15.155219345787701,0.0,0.001164500000001567,0.00012479999999470692,0.0003304999999897973,0.7141431445579478,1.5700654010908943,False,False,False,True
0,123.0,[0.20748857 0.05395854 0.45314246],-14.958922016867605,0.0,0.001164500000001567,0.0001160000000055561,0.0003366000000113445,0.707328205094824,1.5696589155632346,False,False,False,True
0,124.0,[0.2074828  0.05395672 0.45312819],-14.959457036634847,0.0,0.001164500000001567,0.00011899999999798183,0.00035379999999918255,0.707341387571598,1.569684723949458,False,False,False,True
0,125.0,[0.20604602 0.05325818 0.44553787],-15.160109284351847,0.0,0.001164500000001567,0.00010839999998779604,0.00035780000000329437,0.7141394028628651,1.5700648951437095,False,False,False,True
0,126.0,[0.20748676 0.05395819 0.45313254],-14.959181221398024,0.0,0.001164500000001567,0.00011359999999172032,0.0003260000000011587,0.7073372915653836,1.5696592529299112,False,False,False,True
0,127.0,[0.20748432 0.05395734 0.45313802],-14.964204757055809,0.0,0.001164500000001567,0.00011340000000359396,0.0003273999999890975,0.7073325459098173,1.5696843865870829,False,False,False,True
0,128.0,[0.20604691 0.05325942 0.44554371],-15.154966749768379,0.0,0.001164500000001567,0.00010679999999751999,0.0003925999999978558,0.7141344872698389,1.570064557845515,False,False,False,True
0,129.0,[0.20748994 0.05395905 0.45314956],-14.958738688878919,0.0,0.001164500000001567,0.00011259999999424508,0.0003361999999924592,0.707321800337979,1.5696585781965011,False,False,False,True
0,130.0,[0.20748347 0.05395702 0.45313251],-14.96434642610872,0.0,0.001164500000001567,0.00011479999999153279,0.0003147000000041089,0.7073375156180103,1.5696845552682777,False,False,False,True
0,131.0,[0.20604676 0.05325964 0.44554251],-15.160000545948217,0.0,0.001164500000001567,0.00011689999999475731,0.00032140000000424607,0.7141356703856401,1.570064557845515,False,False,False,True
0,132.0,[0.20748886 0.05395903 0.45314491],-14.958864241801296,0.0,0.001164500000001567,0.00012200000000461841,0.0003281000000043832,0.7073261630742566,1.5696589155632346,False,False,False,True
0,133.0,[0.20748422 0.05395726 0.45313677],-14.95923613427461,0.0,0.001164500000001567,0.00011940000000265627,0.000358300000002032,0.707333654907077,1.5696843865870829,False,False,False,True
0,134.0,[0.20604557 0.05325723 0.44553477],-15.16018242218265,0.0,0.001164500000001567,0.00011240000000611872,0.0003470999999990454,0.7141418890506742,1.570065232441847,False,False,False,True
0,135.0,[0.20748784 0.05395862 0.45313773],-14.959047915771128,0.0,0.001164500000001567,0.00011399999999639476,0.0003377000000028829,0.7073326174529033,1.56965908424658,False,False,False,True
0,136.0,[0.2074829  0.05395678 0.45312873],-14.964443563436356,0.0,0.001164500000001567,0.00012569999999811898,0.0003266999999880227,0.7073409113799295,1.569684723949458,False,False,False,True
0,137.0,[0.20604682 0.05325972 0.44554326],-15.159981994399994,0.0,0.001164500000001567,0.00010939999999948213,0.0003722000000010439,0.7141350209447346,1.570064557845515,False,False,False,True
0,138.0,[0.20749016 0.05395948 0.45315173],-14.958687354765159,0.0,0.001164500000001567,0.00013910000001260414,0.0003432999999972708,0.7073199859523777,1.5696585781965011,False,False,False,True
0,139.0,[0.20748502 0.05395754 0.45314109],-14.95912344604282,0.0,0.001164500000001567,0.00011829999999690699,0.00031490000000644613,0.7073297469095382,1.5696840492246509,False,False,False,True
0,140.0,[0.20604776 0.0532604  0.44554749],-15.15987507638714,0.0,0.001164500000001567,0.00010860000000434411,0.0003391999999990958,0.7141313150934439,1.5700643891963966,False,False,False,True
0,141.0,[0.20748757 0.05395853 0.45313781],-14.95904723043101,0.0,0.001164500000001567,0.0001127999999965823,0.0003413000000023203,0.7073325557972726,1.5696592529299112,False,False,False,True
0,142.0,[0.20748714 0.05395798 0.45315191],-14.958840798305422,0.0,0.001164500000001567,0.00011290000000485634,0.0003470000000049822,0.707319831749919,1.5696837118621618,False,False,False,True
0,143.0,[0.20604549 0.05325881 0.44553569],-15.155177232606476,0.0,0.001164500000001567,0.0001201999999977943,0.00034930000001054395,0.7141417073789044,1.570065232441847,False,False,False,True
0,144.0,[0.20748863 0.05395894 0.45314386],-14.958890858827763,0.0,0.001164500000001567,0.00012499999999704414,0.00033279999999535903,0.7073271038357524,1.5696589155632346,False,False,False,True
0,145.0,[0.20748517 0.0539576  0.45314142],-14.95911604840767,0.0,0.001164500000001567,0.00012200000000461841,0.0003300000000052705,0.7073294480128096,1.5696842179058739,False,False,False,True
0,146.0,[0.20604827 0.05326183 0.44555056],-15.15980670999055,0.0,0.001164500000001567,0.0001752000000010412,0.00033260000000723267,0.71412903298441,1.5700638832489555,False,False,False,True
0,147.0,[0.20749132 0.05396    0.45315957],-14.958484361248468,0.0,0.001164500000001567,0.00012639999999919382,0.0003399000000001706,0.7073129609105719,1.5696579034628633,False,False,False,True
0,148.0,[0.20748465 0.05395699 0.45313776],-14.959205679396776,0.0,0.001164500000001567,0.00011809999999456977,0.0003562000000130183,0.7073325785090859,1.5696843865870829,False,False,False,True
0,149.0,[0.20604725 0.05325984 0.44554445],-15.159949394753516,0.0,0.001164500000001567,0.0001248999999887701,0.0003358000000019956,0.7141339167939096,1.5700643891963966,False,False,False,True
0,150.0,[0.20748824 0.05395883 0.45314151],-14.958951377010171,0.0,0.001164500000001567,0.00011750000000176897,0.0003459000000134438,0.7073292428069079,1.5696589155632346,False,False,False,True
0,151.0,[0.20748609 0.05395798 0.45314756],-14.963956701412782,0.0,0.001164500000001567,0.0001179000000064434,0.0003494999999986703,0.7073239282974256,1.5696837118621618,False,False,False,True
0,152.0,[0.20604536 0.05325831 0.44553569],-15.155170223776025,0.0,0.001164500000001567,0.00011299999999891952,0.0003356999999937216,0.7141415361765051,1.5700648951437095,False,False,False,True
0,153.0,[0.20748562 0.05395781 0.45312557],-14.959361875793272,0.0,0.001164500000001567,0.00011819999998863295,0.000324599999999009,0.7073436016878051,1.5696595902965307,False,False,False,True
0,154.0,[0.20748669 0.05395785 0.45315039],-14.958881375429518,0.0,0.001164500000001567,0.00011969999999905667,0.0003370000000018081,0.7073212285006671,1.5696838805434135,False,False,False,True
0,155.0,[0.2060464  0.05325881 0.44554085],-15.155035819556678,0.0,0.001164500000001567,0.00011200000000144428,0.00032939999999825886,0.71413690522026,1.570064557845515,False,False,False,True
0,156.0,[0.20748927 0.0539588  0.45314687],-14.958808471130462,0.0,0.001164500000001567,0.0001584999999977299,0.000343499999999608,0.7073242293254722,1.569658746879875,False,False,False,True
0,157.0,[0.20748308 0.05395683 0.45313066],-14.959394185231153,0.0,0.001164500000001567,0.00012329999999849406,0.0003467000000085818,0.7073391661724444,1.569684723949458,False,False,False,True
0,158.0,[0.20604675 0.0532601  0.44554251],-15.160005873352004,0.0,0.001164500000001567,0.00011539999999854444,0.00031380000000069685,0.7141358568839244,1.570064557845515,False,False,False,True
0,159.0,[0.20748784 0.05395862 0.45313919],-14.95900898187852,0.0,0.001164500000001567,0.00011870000000158143,0.00033739999999227166,0.7073313162360876,1.569658746879875,False,False,False,True
0,160.0,[0.20748359 0.05395658 0.45313272],-14.964336532794926,0.0,0.001164500000001567,0.00011609999999961929,0.000327900000002046,0.7073371285177371,1.569684723949458,False,False,False,True
0,161.0,[0.20604675 0.05325813 0.44554162],-15.160006334221132,0.0,0.001164500000001567,0.0001226999999914824,0.00031599999999798456,0.7141358730177285,1.570064557845515,False,False,False,True
0,162.0,[0.20748729 0.05395843 0.45313644],-14.959081327753731,0.0,0.001164500000001567,0.00011920000000031905,0.00032490000000962027,0.7073337983667297,1.56965908424658,False,False,False,True
0,163.0,[0.20748664 0.05395821 0.45314947],-14.963909043355356,0.0,0.001164500000001567,0.00012270000000569325,0.00034360000000788204,0.7073222064123146,1.5696838805434135,False,False,False,True
0,164.0,[0.20604675 0.05326048 0.44554293],-15.154998371422808,0.0,0.001164500000001567,0.00011639999999601969,0.00034170000000699474,0.7141356313396462,1.5700643891963966,False,False,False,True
0,165.0,[0.20748937 0.0539592  0.4531481 ],-14.958780517305964,0.0,0.001164500000001567,0.00011700000000303135,0.0003257999999988215,0.7073232787450955,1.5696585781965011,False,False,False,True
0,166.0,[0.20748237 0.05395658 0.45312548],-14.959527568834824,0.0,0.001164500000001567,0.00011779999999816937,0.0003257000000047583,0.7073438429974914,1.5696848926306242,False,False,False,True
0,167.0,[0.20604783 0.05326043 0.44554859],-15.159845727220596,0.0,0.001164500000001567,0.00011670000000663094,0.0003306999999921345,0.7141303247284498,1.5700642205472637,False,False,False,True
0,168.0,[0.20748881 0.05395902 0.45314461],-14.95886982511431,0.0,0.001164500000001567,0.00010680000001173084,0.0003322000000025582,0.7073264352794467,1.5696585781965011,False,False,False,True
0,169.0,[0.20748463 0.05395777 0.45313847],-14.959195530169405,0.0,0.001164500000001567,0.00010659999999518277,0.00031609999999204774,0.7073322572272472,1.5696842179058739,False,False,False,True
0,170.0,[0.20604673 0.05325889 0.44554189],-15.160007124867713,0.0,0.001164500000001567,0.00011639999999601969,0.0003588000000007696,0.7141359377745391,1.5700643891963966,False,False,False,True
0,171.0,[0.20749025 0.05395918 0.45315221],-14.958670261561304,0.0,0.001164500000001567,0.00012599999999451938,0.00032509999999774664,0.7073194192318925,1.569658409513113,False,False,False,True
0,172.0,[0.20748463 0.05395739 0.45313883],-14.964183230317007,0.0,0.001164500000001567,0.00012519999999938136,0.00032349999999325973,0.7073317850671803,1.5696843865870829,False,False,False,True
0,173.0,[0.20604602 0.05325907 0.44553846],-15.160105161058008,0.0,0.001164500000001567,0.00011649999999008287,0.00033879999999442134,0.7141392214397947,1.5700650637927853,False,False,False,True
0,174.0,[0.20748945 0.05395928 0.45314825],-14.958778317862032,0.0,0.001164500000001567,0.0001220999999986816,0.00034910000000820673,0.707323163573378,1.569658746879875,False,False,False,True
0,175.0,[0.2074829  0.05395713 0.45312989],-14.959417202036933,0.0,0.001164500000001567,0.00012030000000606833,0.0003487000000035323,0.7073400171042704,1.5696845552682777,False,False,False,True
0,176.0,[0.20604691 0.05325858 0.44554228],-15.159993694280308,0.0,0.001164500000001567,0.00013450000000148066,0.0003408000000035827,0.7141354305268379,1.570064557845515,False,False,False,True
0,177.0,[0.20748831 0.05395884 0.45314172],-14.958945764810482,0.0,0.001164500000001567,0.0001050999999989699,0.00034999999999740794,0.7073290444480625,1.5696589155632346,False,False,False,True
0,178.0,[0.20748444 0.05395737 0.45313928],-14.959171727212356,0.0,0.001164500000001567,0.00010840000000200689,0.0003101999999870486,0.7073314159333941,1.5696842179058739,False,False,False,True
0,179.0,[0.20604689 0.05325974 0.44554335],-15.159979531866965,0.0,0.001164500000001567,0.00011770000000410619,0.00031439999999349766,0.7141349347378861,1.570064557845515,False,False,False,True
0,180.0,[0.20749034 0.05395959 0.45315313],-14.958650093123971,0.0,0.001164500000001567,0.00011299999999891952,0.00031409999999709726,0.7073187438176203,1.5696582408297106,False,False,False,True
0,181.0,[0.20748377 0.05395707 0.45313421],-14.95930239200782,0.0,0.001164500000001567,0.00012040000000013151,0.00033260000000723267,0.7073359592835741,1.5696845552682777,False,False,False,True
0,182.0,[0.20604713 0.0532602  0.44554436],-15.15995642666381,0.0,0.001164500000001567,0.00011769999998989533,0.0003267999999962967,0.7141341629630423,1.5700643891963966,False,False,False,True
0,183.0,[0.20748854 0.05395892 0.45314294],-14.958913401053257,0.0,0.001164500000001567,0.00011419999999873198,0.0003133999999960224,0.7073279380082571,1.569658746879875,False,False,False,True
0,184.0,[0.20748466 0.0539574  0.45313889],-14.959180664369976,0.0,0.001164500000001567,0.00011990000000139389,0.0003322000000025582,0.7073317318092136,1.5696842179058739,False,False,False,True
0,185.0,[0.20604621 0.05325831 0.44553789],-15.160109985653255,0.0,0.001164500000001567,0.00011689999999475731,0.0003339999999951715,0.7141393903352472,1.5700650637927853,False,False,False,True
0,186.0,[0.20748681 0.05395824 0.45313281],-14.959175925494497,0.0,0.001164500000001567,0.0001141000000046688,0.00032729999999503434,0.7073370669552158,1.569659421613228,False,False,False,True
0,187.0,[0.20748794 0.0539583  0.45315731],-14.958702570643746,0.0,0.001164500000001567,0.0001160000000055561,0.0003297000000088701,0.7073149835532216,1.5696835431808958,False,False,False,True
0,188.0,[0.20604487 0.05325778 0.44553152],-15.155276850043583,0.0,0.001164500000001567,0.00012730000000260588,0.0003969999999924312,0.7141451576058666,1.5700654010908943,False,False,False,True
0,189.0,[0.20748797 0.05395868 0.45314062],-14.958973721058205,0.0,0.001164500000001567,0.00010580000000004475,0.00033499999999264674,0.7073300325394047,1.5696589155632346,False,False,False,True
0,190.0,[0.20748384 0.05395711 0.45313418],-14.959303143323362,0.0,0.001164500000001567,0.000117600000010043,0.00031950000000335876,0.7073359858379827,1.5696845552682777,False,False,False,True
0,191.0,[0.2060456  0.05325802 0.44553593],-15.160160429006925,0.0,0.001164500000001567,0.00010679999999751999,0.0003571999999962827,0.7141411562121889,1.5700650637927853,False,False,False,True
0,192.0,[0.20748806 0.05395914 0.45314103],-14.95896686279845,0.0,0.001164500000001567,0.00012600000000873024,0.0003440999999924088,0.7073298275728745,1.569658746879875,False,False,False,True
0,193.0,[0.20748459 0.05395739 0.45313862],-14.959188757102071,0.0,0.001164500000001567,0.0001316999999971813,0.0003257999999988215,0.7073319804063555,1.5696843865870829,False,False,False,True
0,194.0,[0.20604795 0.0532613  0.4455491 ],-15.159840915573882,0.0,0.001164500000001567,0.00011840000000518103,0.000316400000002659,0.7141301933628216,1.5700640518981168,False,False,False,True
0,195.0,[0.20757259 0.05399042 0.45362222],-14.946564915761735,0.0,0.001164500000001567,0.00017190000001221506,0.00033840000000395776,0.7068956248922861,1.569639516883514,False,False,False,True
0,196.0,[0.20746429 0.05394961 0.4530254 ],-14.967114432644061,0.0,0.001164500000001567,0.0001814999999965039,0.00035599999999647025,0.7074340681987177,1.5696902904204229,False,False,False,True
0,197.0,[0.2060512  0.05326256 0.44556534],-15.159414761209815,0.0,0.001164500000001567,0.00010779999999499523,0.00031549999999924694,0.7141154970326332,1.5700630400029358,False,False,False,True
0,198.0,[0.20749098 0.05395987 0.45315716],-14.95854790792631,0.0,0.001164500000001567,0.0001105999999992946,0.00033719999998993444,0.7073151320987366,1.5696582408297106,False,False,False,True
0,199.0,[0.20748208 0.05395692 0.45312536],-14.959534952598156,0.0,0.001164500000001567,0.00011449999999513238,0.00036520000000450636,0.7073441413978624,1.569684723949458,False,False,False,True
0,200.0,[0.20604888 0.05326251 0.44555402],-15.15972141466988,0.0,0.001164500000001567,0.00013010000000690525,0.00035549999999773263,0.7141260840658378,1.57006371459978,False,False,False,True
0,201.0,[0.20748836 0.05395923 0.45314255],-14.958927771466348,0.0,0.001164500000001567,0.00011930000000859309,0.000377200000002631,0.707328445920046,1.569658746879875,False,False,False,True
0,202.0,[0.20748243 0.05395703 0.45312589],-14.959520710965455,0.0,0.001164500000001567,0.000125000000011255,0.00040680000000747896,0.7073436380488936,1.569684723949458,False,False,False,True
0,203.0,[0.20604718 0.05325951 0.44554508],-15.159928956523476,0.0,0.001164500000001567,0.00010890000000074451,0.00033169999998960975,0.71413323838196,1.5700642205472637,False,False,False,True
0,204.0,[0.20748684 0.05395868 0.45313293],-14.95917659925646,0.0,0.001164500000001567,0.00011100000000396903,0.0003545000000002574,0.7073371282012378,1.5696592529299112,False,False,False,True
0,205.0,[0.2074852  0.05395804 0.45314309],-14.959076503680212,0.0,0.001164500000001567,0.00011379999999405754,0.00036120000000039454,0.7073281252009054,1.5696838805434135,False,False,False,True
0,206.0,[0.20604888 0.05326205 0.44555363],-15.154725021470204,0.0,0.001164500000001567,0.00013149999999484407,0.0003549000000049318,0.7141262474109294,1.5700635459505903,False,False,False,True
0,207.0,[0.20749003 0.05395904 0.45315099],-14.958701946866483,0.0,0.001164500000001567,0.0001316999999971813,0.0003103000000095335,0.7073205017053712,1.5696585781965011,False,False,False,True
0,208.0,[0.20748349 0.05395693 0.45313311],-14.95933123686247,0.0,0.001164500000001567,0.00012599999999451938,0.00033279999999535903,0.7073369413392,1.569684723949458,False,False,False,True
0,209.0,[0.20604849 0.05326112 0.44555071],-15.159793494254592,0.0,0.001164500000001567,0.00012259999999741922,0.000323800000003871,0.714128570332017,1.5700638832489555,False,False,False,True
0,210.0,[0.20748827 0.05395921 0.4531422 ],-14.958938123688908,0.0,0.001164500000001567,0.00011010000000055697,0.00031900000000462114,0.7073287743784573,1.5696589155632346,False,False,False,True
0,211.0,[0.20748541 0.05395772 0.45314318],-14.959069493714717,0.0,0.001164500000001567,0.00011519999999620723,0.0003495000000128812,0.7073278774387115,1.5696838805434135,False,False,False,True
0,212.0,[0.2060457  0.05325689 0.44553655],-15.155132116331934,0.0,0.001164500000001567,0.00018799999999430383,0.0003397999999918966,0.7141401279891291,1.570065232441847,False,False,False,True
0,213.0,[0.20748539 0.05395775 0.45312518],-14.95937226440124,0.0,0.001164500000001567,0.00013640000000236796,0.0003429000000068072,0.7073439688574963,1.5696595902965307,False,False,False,True
0,214.0,[0.20748737 0.0539581  0.45315313],-14.963810002270423,0.0,0.001164500000001567,0.00012220000000695563,0.0003305999999980713,0.7073187432727792,1.5696837118621618,False,False,False,True
0,215.0,[0.20604582 0.05325861 0.44553703],-15.15513664472323,0.0,0.001164500000001567,0.00011740000000770578,0.00033489999999858355,0.7141403606714151,1.5700648951437095,False,False,False,True
0,216.0,[0.20748803 0.05395821 0.45313978],-14.958989212221686,0.0,0.001164500000001567,0.00011060000001350545,0.00033790000000522014,0.7073305800616635,1.5696589155632346,False,False,False,True
0,217.0,[0.20748396 0.05395755 0.45313489],-14.959288329722488,0.0,0.001164500000001567,0.00011849999999924421,0.000323800000003871,0.7073354997005296,1.5696843865870829,False,False,False,True
0,218.0,[0.20604734 0.05326033 0.44554541],-15.159930070715989,0.0,0.001164500000001567,0.0001272000000085427,0.0003547999999966578,0.7141332403085113,1.5700643891963966,False,False,False,True
0,219.0,[0.20748901 0.05395866 0.45314488],-14.958859906512481,0.0,0.001164500000001567,0.0001163000000019565,0.0003259000000070955,0.7073260098461734,1.5696589155632346,False,False,False,True
0,220.0,[0.20748305 0.05395678 0.45313013],-14.964405199425931,0.0,0.001164500000001567,0.00012960000000816763,0.0003300000000052705,0.7073396303203786,1.5696843865870829,False,False,False,True
0,221.0,[0.20604643 0.05325797 0.44554007],-15.160048112911578,0.0,0.001164500000001567,0.00011530000000448126,0.0003413999999963835,0.7141372614206013,1.5700648951437095,False,False,False,True
0,222.0,[0.20748661 0.0539582  0.45313275],-14.959175911227211,0.0,0.001164500000001567,0.00011849999999924421,0.00033329999999409665,0.7073371413163453,1.56965908424658,False,False,False,True
0,223.0,[0.20748647 0.05395775 0.45314837],-14.963933732418392,0.0,0.001164500000001567,0.00011200000000144428,0.00032699999999863394,0.7073230416025552,1.5696840492246509,False,False,False,True
0,224.0,[0.20604512 0.05325707 0.44553366],-15.155210365407942,0.0,0.001164500000001567,0.00012770000000728032,0.0003372999999982085,0.7141429043378733,1.5700650637927853,False,False,False,True
0,225.0,[0.20748687 0.05395824 0.45313385],-14.959148168334123,0.0,0.001164500000001567,0.00011719999999115771,0.00033820000000162054,0.7073361233429674,1.5696592529299112,False,False,False,True
0,226.0,[0.20748505 0.05395801 0.45314133],-14.959123564759343,0.0,0.001164500000001567,0.00020659999999850243,0.0003415999999987207,0.7073297136722659,1.5696842179058739,False,False,False,True
0,227.0,[0.2060461  0.0532587  0.44553933],-15.155077341983901,0.0,0.001164500000001567,0.0001127999999965823,0.00032290000000045893,0.7141382846500616,1.5700648951437095,False,False,False,True
0,228.0,[0.20748886 0.05395863 0.45314443],-14.958869596222,0.0,0.001164500000001567,0.00011019999999462016,0.0003355999999996584,0.7073264271893945,1.5696585781965011,False,False,False,True
0,229.0,[0.20748413 0.0539576  0.45313585],-14.959263888501935,0.0,0.001164500000001567,0.0001220999999986816,0.00030979999999658503,0.7073346358517799,1.5696843865870829,False,False,False,True
0,230.0,[0.2060466  0.05325926 0.44554189],-15.160013184592353,0.0,0.001164500000001567,0.0001105999999992946,0.00031520000000284654,0.7141361128309885,1.570064557845515,False,False,False,True
0,231.0,[0.20748928 0.05395918 0.45314789],-14.958788163251898,0.0,0.001164500000001567,0.00011809999999456977,0.0003594999999876336,0.7073234741204903,1.5696589155632346,False,False,False,True
0,232.0,[0.20748392 0.05395712 0.45313498],-14.964281410450843,0.0,0.001164500000001567,0.00010900000000901855,0.00033460000000218315,0.707335255146395,1.5696843865870829,False,False,False,True
0,233.0,[0.20604718 0.0532591  0.44554439],-15.159942894840418,0.0,0.001164500000001567,0.00011210000000971831,0.0003389000000026954,0.7141336892485577,1.5700643891963966,False,False,False,True
0,234.0,[0.20748854 0.05395894 0.45314309],-14.958909974720926,0.0,0.001164500000001567,0.00011870000000158143,0.0003377000000028829,0.7073278169069815,1.569658746879875,False,False,False,True
0,235.0,[0.20756797 0.05398867 0.45361423],-14.951932956333595,0.0,0.001164500000001567,0.00011229999999784468,0.0003140000000030341,0.7069029850784421,1.5696649881546945,False,False,False,True
0,236.0,[0.20603165 0.05324401 0.44546348],-15.156970820811834,0.0,0.001164500000001567,0.00012490000000298096,0.00037230000000931796,0.7142032693943291,1.5700707978528963,False,False,False,True
0,237.0,[0.20747755 0.05395509 0.45308149],-14.960497104705453,0.0,0.001164500000001567,0.00011720000000536857,0.0003276999999997088,0.7073834989338106,1.5696606023960473,False,False,False,True
0,238.0,[0.20748989 0.05395944 0.45316911],-14.958401948942425,0.0,0.001164500000001567,0.0001103000000028942,0.000313099999999622,0.7073045077580045,1.5696828684556898,False,False,False,True
0,239.0,[0.20604476 0.05325729 0.44553173],-15.155266537214583,0.0,0.001164500000001567,0.00012480000000891778,0.00031959999999742195,0.714144796585719,1.5700654010908943,False,False,False,True
0,240.0,[0.20748812 0.05395876 0.45314041],-14.95897801468932,0.0,0.001164500000001567,0.00011989999998718304,0.00033329999999409665,0.7073302217273174,1.569658746879875,False,False,False,True
0,241.0,[0.20748386 0.05395672 0.45313448],-14.95929209497581,0.0,0.001164500000001567,0.00011310000000719356,0.0003262000000034959,0.7073355579134714,1.569684723949458,False,False,False,True
0,242.0,[0.20604846 0.05326194 0.44555211],-15.159765112394812,0.0,0.001164500000001567,0.00012040000000013151,0.000304900000003272,0.7141276509052471,1.5700635459505903,False,False,False,True
0,243.0,[0.2074908  0.05395982 0.45315558],-14.958588247416223,0.0,0.001164500000001567,0.00011229999999784468,0.0003166999999990594,0.7073165578935283,1.5696582408297106,False,False,False,True
0,244.0,[0.20748264 0.05395674 0.45312732],-14.964479007274205,0.0,0.001164500000001567,0.00012000000000966793,0.00032420000000854543,0.7073422015254945,1.5696845552682777,False,False,False,True
0,245.0,[0.20604748 0.05326027 0.44554672],-15.159893943777313,0.0,0.001164500000001567,0.00011739999999349493,0.0003145000000017717,0.7141320126731451,1.5700642205472637,False,False,False,True
0,246.0,[0.20748839 0.05395883 0.45314193],-14.958939898369389,0.0,0.001164500000001567,0.0001275000000049431,0.0003224999999957845,0.7073288371031924,1.5696589155632346,False,False,False,True
0,247.0,[0.20748371 0.05395663 0.45313364],-14.964313015113431,0.0,0.001164500000001567,0.0001042000000097687,0.0003262999999975591,0.7073362973124191,1.569684723949458,False,False,False,True
0,248.0,[0.20604697 0.05325942 0.44554332],-15.159976313558227,0.0,0.001164500000001567,0.0001242999999959693,0.00035799999999142074,0.714134822073289,1.570064557845515,False,False,False,True
0,249.0,[0.20748892 0.05395909 0.45314571],-14.958843187624533,0.0,0.001164500000001567,0.00011759999999583215,0.0003315000000014834,0.7073254563604908,1.569658746879875,False,False,False,True
0,250.0,[0.20748353 0.05395702 0.45313317],-15.959329518020352,0.0,0.001164500000001567,0.00011920000000031905,0.00041299999999466763,0.707336918021561,1.5696845552682777,False,False,True,False
